"","PIT.Tag","Date","Recap","Sex","Maturity","Claspers.Calcified","DW(cm)","Weight(kg)","SW(cm)","DistFromShore(m)","Latitude","Longitude","Zone","Tackle","Disney","Comments"
"1","420E604D10",2016-10-25,"N","f","mature",NA,86,NA,14,1.030541142,"25.69883",-79.29265,"SB","Dipnet",NA,"Barb missing"
"2","4B7B490A16",2015-10-22,"N","m","mature","y",59.1,NA,NA,183.3184959,"25.69697",-79.29746,"SB","Dipnet",NA,NA
"3","4B7B49564D",2015-10-22,"N","f","mature",NA,91,NA,NA,183.3184959,"25.69697",-79.29746,"SB","Dipnet",NA,NA
"4","4B7B49564D",2016-09-16,"Y","f","mature",NA,91,NA,14,2.868497874,"25.69876",-79.29306,"SB","Dipnet",NA,"DNA/ISO taken from right pelvic, muscle taken from left pec"
"5","4B7B49564D",2018-01-22,"Y","f","mature",NA,92.5,NA,15,3.907674763,"25.69803",-79.29105,"SB","Dipnet",NA,NA
"6","4C3B033100",2015-10-18,"N","f","mature",NA,72,NA,NA,0.6382910719,"25.69939",-79.2961,"SB","Dipnet",NA,NA
"7","4C3B19553C",2015-05-17,"N","f","mature",NA,102,NA,NA,1.142665969,"25.73113",-79.24683,"BFH","Dipnet",NA,NA
"8","4C3B204701",2018-03-07,"N","m","mature","y",52,NA,7.9,125.7627125,"25.69791",-79.2962,"SB","Dipnet",NA,NA
"9","4C3B212219",2015-10-22,"N","m","mature","y",56.5,NA,NA,183.3184959,"25.69697",-79.29746,"SB","Dipnet",NA,"no barb; stingray put in tour pen"
"10","4C3B26494D",2015-07-08,"N","f","mature",NA,70.2,NA,NA,NA,NA,NA,"SB","Dipnet",NA,"south Bimini plane wreck"
"11","4C3B35535E",2015-10-18,"N","f","mature",NA,70,NA,NA,0,"25.69853",-79.29166,"SB","Dipnet",NA,"2 barbs, 2nd barb 3.9 cm"
"12","4C3B35535E",2015-11-06,"Y","f","mature",NA,70,NA,NA,0,"25.69952",-79.29167,"SB","Dipnet",NA,"2 barbs, 7.1 cm and 4.6 cm"
"13","4C494E7621",2015-04-08,"N","f","mature",NA,73.5,NA,NA,12.53290328,"25.69866",-79.29251,"SB","Dipnet",NA,NA
"14","4C4A581C3D",2015-04-08,"N","f","mature",NA,78.5,NA,NA,12.53290328,"25.69866",-79.29251,"SB","Dipnet",NA,NA
"15","4C4A652511",2015-03-22,"N","f","mature",NA,87,NA,NA,4.351610609,"25.698854",-79.293276,"SB","Dipnet",NA,NA
"16","4C4A72220F",2015-03-22,"N","f","mature",NA,85.5,NA,NA,4.351610609,"25.698854",-79.293276,"SB","Dipnet",NA,"did not eat"
"17","4C4A72220F",2018-12-10,"Y","f","mature",NA,96.4,NA,15.1,12.5070612,"25.69795",-79.29108,"SB","Dipnet",NA,"ISO taken from left pelvic fin. Pregnant."
"18","4C4A72220F",2020-01-21,"Y","f","mature",NA,93.7,27.5,14.9,31.00298389,"25.69765",-79.3,"SB","Dipnet",NA,"DNA and ISO taken from LP. SB ray."
"19","900236000107377",2016-02-05,"N","f","immature",NA,43,NA,11.6,NA,NA,NA,NA,"Dipnet",NA,"SW is 11.6; Caught at duck pond"
"20","900236000107380",2016-02-05,"N","f","immature",NA,67.8,NA,10.8,NA,NA,NA,NA,"Dipnet",NA,"SW is 10.8; caught at duck pond"
"21","900236000107380",2016-08-22,"Y","f","mature",NA,75,NA,12.5,14.0720569,"25.69862",-79.29242,"SB","Dipnet",NA,"DNA/ISO taken from right pelvic, left pelvic shark bite, tail missing lower lobe after barb, she pooped!"
"22","900236000107439",2015-10-18,"N","f","mature",NA,89.5,NA,NA,0,"25.69413",-79.26741,"SB","Dipnet",NA,"mole on left dorsal region, scratches on right side"
"23","900236000107439",2019-02-24,"Y","f","mature",NA,91,NA,15.2,8.981453559,"25.69937",-79.2951,"SB","Dipnet",NA,"ISO taken from left pelvic fin. Parts of tail missing. Blood collected for N. Mylniczenko only."
"24","900236000107443",2015-11-18,"N","f","mature",NA,70,NA,NA,0,"25.72578",-79.29623,"LGN","Polyball",NA,NA
"25","900236000107525",2016-02-04,"N","f","mature",NA,77,NA,12,NA,NA,NA,NA,"Dipnet",NA,"SW is 12 cm"
"26","900236000107636",2016-09-09,"N","f","mature",NA,93,NA,15,0,"25.69695",-79.3018,"SB","Dipnet",NA,NA
"27","900236000107641",2015-10-18,"N","f","mature",NA,92,NA,NA,6.942075735,"25.69977",-79.29459,"SB","Dipnet",NA,NA
"28","900236000107711",2015-12-06,"N","f","mature",NA,97,NA,NA,75.13556856,"25.69635",-79.28711,"SB","Dipnet",NA,NA
"29","900236000107711",2017-11-27,"Y","f","mature",NA,99,NA,16,24.3860169,"25.69927",-79.29523,"SB","Dipnet",NA,NA
"30","900236000107711",2019-09-12,"Y","f","mature",NA,103,26.3,16,0,"25.69712",-79.30154,"SB","Dipnet",NA,"DNA and ISO taken from left pelvic."
"31","900236000107745",2016-01-18,"N","f","mature",NA,96,NA,NA,13.99239703,"25.69866",-79.29283,"SB","Dipnet",NA,NA
"32","900236000107745",2018-11-15,"Y","f","mature",NA,98.8,NA,14.5,3.93894972,"25.69654",-79.27293,"SB","Dipnet",NA,"ISO taken from left pelvic fin. End of tail missing. Not pregnant."
"33","900236000107745",2018-12-01,"Y","f","mature",NA,98.8,NA,NA,0,"25.69776",-79.28799,"SB","Dipnet",NA,"Ray caught 14 days prior to this capture. Therefore blood taken and ultrasound performed in the field and then released in the field."
"34","900236000107745",2019-08-21,"Y","f","mature",NA,93.5,NA,16,2.937093188,"25.69891",-79.29676,"SB","Dipnet",NA,"DNA and ISO taken from left pelvic fin. Location: SB."
"35","900236000107793",2015-12-06,"N","f","mature",NA,79,NA,NA,247.3650769,"25.69501",-79.28044,"SB","Dipnet",NA,NA
"36","900236000107793",2016-12-09,"Y","f","mature",NA,80.5,NA,13,0,"25.69823",-79.28656,"SB","Dipnet",NA,NA
"37","900236000107793",2017-03-22,"Y","f","mature",NA,81.7,NA,12.7,27548.59374,"25.44697",-79.18431,"unclassified","Dipnet",NA,NA
"38","900236000107849",2015-10-18,"N","f","mature",NA,95.5,NA,NA,7.986578672,"25.69286",-79.26587,"SB","Dipnet",NA,"end of tail missing"
"39","900236000108024",2016-02-04,"N","m","mature","y",54,NA,NA,405.279263,"25.72948",-79.2516,"BFH","Dipnet",NA,NA
"40","900236000108035",2015-12-06,"N","f","immature",NA,40.5,NA,NA,276.5349182,"25.69476",-79.30033,"SB","Dipnet",NA,NA
"41","900236000108035",2018-05-18,"Y","f","immature",NA,65,NA,10,NA,NA,NA,NA,"Dipnet","Y","Disney-Ray. Leech on rostrum."
"42","900236000108035",2019-02-28,"Y","f","mature",NA,78,NA,12.2,35.58768722,"25.69231",-79.30317,"SB","Dipnet",NA,"ISO taken from left pelvic fin. Blood collected for N. Mylniczenko only."
"43","900236000108035",2019-06-28,"Y","f","mature",NA,74.5,13.88,12.2,256.4327565,"25.69319",-79.30019,"SB","Dipnet",NA,"DNA and iso from left pelvic. Blood taken at 11:52 28-JUNE-2019 [HA-19-06-01 + HA-19-06-01D]. Ultrasound time 11:57."
"44","900236000108223",2015-11-09,"N","f","mature",NA,121.4,NA,NA,545.8542597,"25.70342",-79.24985,"BFH","Block Set",NA,"no barb, tail damaged"
"45","985121013813539",2016-04-15,"N","m","mature","y",58,NA,10,13.84823104,"25.69700",-79.28616,"SB","Dipnet",NA,"scars and scratches all over the body"
"46","985121031712478",2015-11-09,"N","f","mature",NA,109,NA,NA,545.8542597,"25.70342",-79.24985,"BFH","Block Set",NA,NA
"47","985121031788986",2016-02-28,"N","f","mature",NA,97,NA,15.5,0,"25.71367",-79.29771,"LGN","Dipnet",NA,NA
"48","985121031792652",2015-07-17,"N","f","immature",NA,60.5,NA,NA,NA,NA,NA,NA,"Dipnet",NA,"2 barbs, 1st is 4cm and 2nd is 6.5 cm"
"49","985121031792652",2016-03-04,"Y","f","immature",NA,64,NA,10,1506.523728,"25.68347",-79.28094,"SB","Dipnet",NA,"put in the pen"
"50","985121031793803",2015-11-12,"N","f","mature",NA,106,NA,NA,679.8034517,"25.70467",-79.24991,"BFH","Block Set",NA,"lagoon by plane wreck"
"51","985121031795528",2015-10-25,"N","f","mature",NA,102,NA,NA,63.67170955,"25.69808",-79.29744,"SB","Dipnet",NA,"barb snapped;scar with concave divet on back between the head and tail"
"52","985121031800209",2016-01-30,"N","f","mature",NA,124,NA,18,75.52972711,"25.73208",-79.24079,"BFH","Longline",NA,"Ray longline in Bonefish Hole Channel, SW: 18cm"
"53","985121031803060",2015-10-25,"N","f","mature",NA,75.6,NA,NA,0,"25.69914",-79.29665,"SB","Dipnet",NA,NA
"54","985121031803060",2016-09-29,"Y","f","mature",NA,89,NA,13,NA,NA,NA,NA,"Dipnet","Y","DNA/ISO taken from right pelvic, Disney crew"
"55","985121031803060",2020-02-18,"Y","f","mature",NA,87.1,21.3,13.6,7.202763317,"25.69760",-79.2902,"SB","Dipnet",NA,"DNA and ISO taken from LP. Used in sound trials of VS Mickle. Missing end of tail. SB ray."
"56","985121031803315",2015-10-25,"N","f","immature",NA,59,NA,NA,0,"25.69849",-79.29183,"SB","Dipnet",NA,NA
"57","985121031803315",2016-09-11,"Y","f","mature",NA,85,NA,12.9,0,"25.69987",-79.29513,"SB","Dipnet",NA,NA
"58","985121031803315",2018-07-11,"Y","f","mature",NA,77,NA,13,30.07752956,"25.69913",-79.29561,"SB","Dipnet",NA,"ultrasound: not pregnant. ultrasound at 10:45 on july 18, 2018. 2x upper ventral, 1x straight, 3x lower started right pelvic, 2x dorsal"
"59","985121031803859",2016-02-04,"N","f","mature",NA,92,NA,13,1682.902646,"25.71477",-79.24909,"BFH","Dipnet",NA,"SW is 13 cm"
"60","985121031803859",2018-03-18,"Y","f","mature",NA,NA,NA,NA,1300.000065,"25.72274",-79.23354,"unclassified","Longline",NA,NA
"61","985121031803859",2019-05-09,"Y","f","mature",NA,88.3,21.5,13.9,6.196902659,"25.73258",-79.24863,"BFH","Dipnet",NA,"Location: BFH. DNA and ISO taken from left pelvic fin. Pregnant."
"62","985121031809203",2015-07-17,"N","f","mature",NA,90,NA,NA,NA,NA,NA,NA,"Dipnet",NA,NA
"63","985121031809203",2017-07-15,"Y","f","mature",NA,91,NA,13,47.58703106,"25.69674",-79.30105,"SB","Dipnet",NA,NA
"64","985121031809367",2016-11-10,"N","f","mature",NA,98,NA,15.5,0,"25.69691",-79.27592,"SB","Dipnet",NA,NA
"65","985121031809367",2018-12-01,"Y","f","mature",NA,96,NA,16,9.620614156,"25.69709",-79.28596,"SB","Dipnet",NA,"ISO taken from left pelvic fin. Pregnant."
"66","985121031809367",2019-01-25,"Y","f","mature",NA,94.9,NA,16.2,24.90484937,"25.698363",-79.292277,"SB","Dipnet",NA,"ISO taken from left pelvic. Pregnant. At least 3 pups."
"67","985121031817053",2016-01-30,"N","f","mature",NA,90,NA,14.2,118.0322354,"25.73130",-79.2408,"BFH","Longline",NA,"Ray longlines in Bonefish Hole Channel, spiracle width: 14.2"
"68","985121031817057",2015-10-19,"N","f","mature",NA,88.3,NA,NA,0.6528433476,"25.6987",-79.2923,"SB","Dipnet",NA,"big wound on head, possible hit by prop, hence no tissue sample"
"69","985121031817057",2017-03-26,"Y","f","mature",NA,87.6,NA,14.3,13.7894237,"25.70005",-79.29405,"SB","Dipnet",NA,"attempted to take blood"
"70","985121031817057",2019-03-26,"Y","f","mature",NA,91.2,NA,14,136.2262553,"25.69597",-79.28565,"SB","Dipnet",NA,"DNA and ISO taken from left pelvic fin. Recap DNA."
"71","985121031820964",2016-04-15,"N","f","mature",NA,94,NA,15,14.10608875,"25.69765",-79.29054,"SB","Dipnet",NA,NA
"72","985121031820964",2017-03-03,"Y","f","mature",NA,94,NA,15.25,0,"25.75056",-79.26274,"LGN","Dipnet",NA,"big and spikey tail"
"73","985121031821063",2016-03-04,"N","m","mature","y",54,NA,8.5,28.17166658,"25.69851",-79.29252,"SB","Dipnet",NA,"2 barbs, top: 6.5, bottom: 6.7"
"74","985121031821063",2017-03-26,"Y","m","mature",NA,58.4,NA,9.3,0,"25.69806",-79.28837,"SB","Dipnet",NA,"PIT tagged twice"
"75","985121031821161",2017-02-02,"N","f","immature",NA,51.5,NA,8,0,"25.70067",-79.29282,"SB","Dipnet",NA,"wroked up on 4-2-2017"
"76","985121031822794",2015-10-22,"N","m","mature","y",55,NA,NA,183.3184959,"25.69697",-79.29746,"SB","Dipnet",NA,"2 barbs, second barb 5 cm"
"77","985121031823419",2016-09-28,"N","f","mature",NA,89.5,NA,14,NA,NA,NA,NA,NA,"Y","DNA/ISO taken from left pelvic, Disney crew"
"78","985121031823419",2017-03-20,"Y","f","mature",NA,80,NA,14,465.6064802,"25.72355",-79.26021,"BFH","Dipnet",NA,"no barb"
"79","985121031823419",2018-01-22,"Y","f","mature",NA,84.9,NA,15.9,0.4147092858,"25.69825",-79.29146,"SB","Dipnet",NA,"ultrasound - pregnant"
"80","985121031825339",2015-11-09,"N","f","mature",NA,109,NA,NA,924.6107965,"25.70728",-79.24977,"BFH","Block Set",NA,NA
"81","985121031825526",2015-06-26,"N","f","mature",NA,86,NA,NA,NA,NA,NA,"SB","Dipnet",NA,"south Bimini plane wreck"
"82","985121031826185",2015-10-22,"N","f","mature",NA,78,NA,NA,17.33004989,"25.69855",-79.29237,"SB","Dipnet",NA,"2 barbs with longest underneath - 3.5 & 9.5"
"83","985121031826185",2016-08-27,"Y","f","mature",NA,85.4,NA,11.7,2.763566382,"25.69935",-79.29339,"SB","Dipnet",NA,"ISO taken from right pelvic"
"84","985121031826185",2016-09-09,"Y","f","immature",NA,65.9,NA,11,0,"25.69867",-79.29144,"SB","Dipnet",NA,NA
"85","985121031826185",2017-11-26,"Y","f","mature",NA,93.5,NA,14.7,8.769155988,"25.69735",-79.28876,"SB","Dipnet",NA,NA
"86","985121031826185",2018-11-08,"Y","f","mature",NA,88,NA,14.8,100.4260497,"25.69619",-79.28622,"SB","Dipnet",NA,"Iso taken from left pelvic fin. Not pregnant."
"87","985121031826185",2019-02-15,"Y","f","mature",NA,NA,NA,NA,10.69419119,"25.69746",-79.28957,"SB","Dipnet",NA,"Released on the 2019-02-19 without performing work-up due to sound trials by visiting scientist Mickle M."
"88","985121031826185",2020-02-09,"Y","f","mature",NA,94.4,22,14.2,19.06836048,"25.69868",-79.29329,"SB","Dipnet",NA,"DNA and ISO taken from LP. Used in sound trial of VS Mickle. SB ray."
"89","985121031827394",2015-10-18,"N","f","mature",NA,85,NA,NA,3.491972545,"25.6941",-79.2675,"SB","Dipnet",NA,"tail bit off"
"90","985121031827394",2017-02-02,"Y","f","mature",NA,83.2,NA,14.5,0,"25.70042",-79.29289,"SB","Dipnet",NA,NA
"91","985121031827394",2017-09-25,"Y","f","mature",NA,86,NA,14,318.7724789,"25.69439",-79.28891,"SB","Dipnet",NA,NA
"92","985121031827394",2019-02-28,"Y","f","mature",NA,78.2,NA,14.4,8.196395096,"25.69745",-79.28946,"SB","Dipnet",NA,"ISO taken from left pelvic fin. Pregnant. Blood collected for N. Mylniczenko only."
"93","985121631809367",2015-10-19,"N","f","mature",NA,93.5,NA,NA,0.04944721716,"25.6975",-79.28938,"SB","Dipnet",NA,NA
"94","989001004378237",2015-08-06,"N","f","mature",NA,72.9,NA,NA,NA,NA,NA,NA,"Dipnet",NA,NA
"95","989001004378356",2015-11-02,"N","f","mature",NA,78,NA,NA,0,"25.69847",-79.2919,"SB","Dipnet",NA,NA
"96","989001004378356",2016-12-09,"Y","f","mature",NA,79,NA,13,0,"25.69769",-79.27919,"SB","Dipnet",NA,"worked up on 10-12-2016"
"97","989001004378356",2018-03-28,"Y","f","mature",NA,86.5,NA,16.6,0,"25.69758",-79.2893,"SB","Dipnet",NA,NA
"98","989001004378356",2019-02-15,"Y","f","mature",NA,87,NA,13,27.27723407,"25.69682",-79.28743,"SB","Dipnet",NA,"ISO taken from left pelvic fin. Blood collected for N.Mylniczenko only."
"99","989001004378361",2015-10-05,"N","f","mature",NA,87,NA,NA,3.780652986,"25.72805",-79.25935,"BFH","Dipnet",NA,"end half of tail missing"
"100","989001004378361",2016-02-04,"Y","f","mature",NA,87,NA,NA,998.0011809,"25.68673",-79.29503,"SB","Dipnet",NA,"pictures of healed muscle tissue sample"
"101","989001004378366",2015-08-02,"N","m","mature",NA,53,NA,NA,NA,NA,NA,NA,"Dipnet",NA,"captured at baby dock, barb removed"
"102","989001004378368",2015-10-06,"N","f","mature",NA,100.9,NA,NA,8.003853875,"25.69783",-79.29092,"SB","Dipnet",NA,NA
"103","989001004378368",2016-08-24,"Y","f","mature",NA,92.5,NA,15.5,4703.058378,"25.64905",-79.29389,"unclassified","Dipnet",NA,"DNA/ISO taken from left pelvic, lots of cresent moon scars"
"104","989001004378368",2016-09-25,"Y","f","mature",NA,101,NA,15,0.3210506285,"25.69792",-79.2909,"SB",NA,"Y","DNA/ISO right pelvic, Disney crew, worked up on the 29th of September 2016"
"105","989001004378368",2016-11-25,"Y","f","mature",NA,101,NA,15.5,0,"25.69791",-79.28349,"SB","Dipnet",NA,"no barb"
"106","989001004378368",2018-11-08,"Y","f","mature",NA,101.2,NA,15.5,4.679474462,"25.69785",-79.29085,"SB","Dipnet",NA,"ISO taken from left pelvic fin. Pregnant."
"107","989001004378368",2019-04-20,"Y","f","mature",NA,94,NA,15,7.126821592,"25.69989",-79.29443,"SB","Dipnet",NA,"DNA and ISO taken from left pelvic fin. Replicate DNA. Pregnant. Parts of tail missing."
"108","989001004378382",2015-10-06,"N","f","mature",NA,73,NA,NA,0,"25.69846",-79.29187,"SB","Dipnet",NA,NA
"109","989001004378382",2019-02-04,"Y","f","mature",NA,82.4,NA,14.6,14.56210485,"25.69759",-79.29035,"SB","Dipnet",NA,"ISO taken from left pelvic fin."
"110","989001004378384",2015-10-05,"N","f","mature",NA,90.8,NA,NA,678.982814,"25.72177",-79.25836,"BFH","Dipnet",NA,"tag used from dead shark in Jupiter, Â± 3 year battery life left"
"111","989001004378396",2015-11-01,"N","f","immature",NA,59.2,NA,NA,195.8083183,"25.69358",-79.30105,"SB","Dipnet",NA,"worked up in the pen and released the same day"
"112","989001004378396",2016-07-09,"Y","f","immature",NA,63.3,NA,10.4,NA,NA,NA,NA,"Dipnet",NA,"Caught in the channel behind the lab, sometime between June 22-28"
"113","989001004378413",2015-09-06,"N","f","mature",NA,91,NA,NA,280.352517,"25.69464",-79.28008,"SB","Dipnet",NA,NA
"114","989001004378441",2015-09-04,"N","f","mature",NA,95,NA,NA,26.47679668,"25.69648",-79.27644,"SB","Dipnet",NA,NA
"115","989001004378444",2015-08-02,"N","f","mature",NA,91,NA,NA,NA,NA,NA,NA,"Dipnet",NA,"caught in north sound, barb removed"
"116","989001004378459",2015-11-02,"N","f","mature",NA,88,NA,NA,0,"25.69847",-79.2919,"SB","Dipnet",NA,"scratches right hand side"
"117","989001004378459",2017-01-20,"Y","f","mature",NA,90,NA,14.5,165.2787038,"25.69584",-79.28502,"SB","Dipnet",NA,"worked up 28-1-2017"
"118","989001004378459",2018-07-12,"Y","f","mature",NA,99,NA,15,59.75349617,"25.69808",-79.29833,"SB","Dipnet",NA,"ultraosund @ 11:03, 17 july 2018, 3x dorsal, 2x upper ventral, 3x abdomen starting at right pelvic, 3x centre abdomen"
"119","989001004378459",2019-08-21,"Y","f","mature",NA,93.7,26.5,14.8,108.7068808,"25.69765",-79.29751,"SB","Dipnet",NA,"DNA and ISO taken from left pelvic. Mating scars. Location: SB."
"120","989001004378477",2015-08-02,"N","f","mature",NA,99,NA,NA,NA,NA,NA,NA,"Dipnet",NA,"caught in north sound, barb removed"
"121","989001004378477",2015-10-05,"Y","f","mature",NA,97,NA,NA,948.2953058,"25.71294",-79.26134,"BFH","Dipnet",NA,"no barb regrown 2 weeks after being released from the tour pen"
"122","989001004378480",2015-11-05,"N","f","immature",NA,53,NA,NA,NA,NA,NA,NA,"Dipnet",NA,"two barbs, second barb length was 2.7 location: btwn duck pond and plane wreck"
"123","989001004378501",2015-10-05,"N","f","mature",NA,98.3,NA,NA,785.7664388,"25.72125",-79.25671,"BFH","Dipnet",NA,NA
"124","989001004378515",2015-08-06,"N","f","mature",NA,81.2,NA,NA,NA,NA,NA,NA,"Dipnet",NA,"loc: plane wreck"
"125","989001004378515",2017-03-15,"Y","f","mature",NA,81.8,NA,12.1,0,"25.69952",-79.29108,"SB","Dipnet",NA,"worked up 16-mar-2017"
"126","989001004378515",2018-05-17,"Y","f","mature",NA,82.5,NA,13,NA,NA,NA,NA,"Dipnet","Y","Disney-Ray. No blood taken (double check w/ Disney)."
"127","989001004378515",2019-02-07,"Y","f","mature",NA,82,NA,13.8,2.42027859,"25.69808",-79.29123,"SB","Dipnet",NA,"ISO taken from left pelvic fin. Not pregnant. Tail has been bitten off."
"128","989001004605087",2016-10-19,"N","f","mature",NA,79,NA,5,18.68078379,"25.69845",-79.2982,"SB","Dipnet",NA,"DNA/ISO location unknown, acoustic tag reused, Serial: 1151854"
"129","989001004605123",2016-07-19,"N","f","mature",NA,80,NA,12,28.57546967,"25.731491",-79.247218,"BFH","Rod & Reel",NA,NA
"130","989001004605135",2016-09-29,"N","f","mature",NA,82,NA,14.5,NA,NA,NA,NA,"Dipnet","Y","DNA/ISO taken from right pelvic, Disney crew"
"131","989001004605135",2016-12-10,"Y","f","mature",NA,91,NA,14,0,"25.69776",-79.27939,"SB","Dipnet",NA,NA
"132","989001004605135",2018-08-02,"Y","f","mature",NA,90,NA,14.5,15.3639826,"25.69887",-79.29347,"SB","Dipnet",NA,"Ultrasound performed on the 2018-08-04. This ray was trialed in sundtrials by visiting scientist M. Mickle on the 2018-08-03"
"133","989001004605138",2016-05-30,"N","m","mature","y",52.5,NA,8.5,213.1250977,"25.74528",-79.26817,"LGN","Dipnet",NA,NA
"134","989001004605145",2017-02-02,"N","f","mature",NA,90,NA,14,0,"25.69950",-79.29096,"SB","Dipnet",NA,"worked up 4-2-2017"
"135","989001004605145",2017-07-12,"Y","f","mature",NA,89.6,NA,14.2,0.1626039823,"25.69764",-79.28419,"SB","Dipnet",NA,NA
"136","989001004605145",2018-10-01,"Y","f","mature",NA,91.6,NA,14.2,0,"25.69545",-79.27027,"SB","Dipnet",NA,NA
"137","989001004605145",2018-11-17,"Y","f","mature",NA,90.1,NA,15,6.102765795,"25.69749",-79.28952,"SB","Dipnet",NA,"ISO taken from left pelvic. Not pregnant."
"138","989001004605145",2018-12-10,"Y","f","mature",NA,93,NA,NA,9.691405219,"25.69791",-79.29102,"SB","Dipnet",NA,"Individual was caught 14 days prior to this capture. Therefore only sampled for blood and ultrasounded and released in the field."
"139","989001004605151",2016-05-08,"N","f","mature",NA,102,NA,16,1375.367189,"25.72296",-79.23219,"unclassified","Longline",NA,NA
"140","989001004605162",2016-06-26,"N","m","mature","y",48,NA,7,0,"25.69842",-79.29169,"SB","Dipnet",NA,NA
"141","989001004605180",2016-07-22,"N","f","immature",NA,44.5,NA,8.1,4.857919658,"25.69763",-79.30052,"SB","Dipnet",NA,"DNA/ISO taken from left pelvic"
"142","989001004605180",2016-09-28,"Y","f","immature",NA,46,NA,7.5,36.19591508,"25.69691",-79.30097,"SB",NA,"Y","DNA taken from right pelvic, Disney crew"
"143","989001004605180",2016-11-24,"Y","f","immature",NA,49,NA,7.5,10.07146738,"25.69807",-79.2995,"SB","Dipnet",NA,NA
"144","989001004605180",2017-09-04,"Y","f","immature",NA,58.2,NA,8.8,249.3834293,"25.72502",-79.26557,"LGN","Dipnet",NA,NA
"145","989001004605180",2018-07-12,"Y","f","immature",NA,68,NA,10,188.0830681,"25.69584",-79.29999,"SB","Dipnet",NA,"ultrasound: july 16, 2018. 2x upper, 3x abdomen"
"146","989001004605194",2016-08-21,"N","f","mature",NA,83,NA,14,21.62550252,"25.69666",-79.30184,"SB","Dipnet",NA,NA
"147","989001004605194",2016-09-11,"Y","f","mature",NA,86,NA,15,3.434316201,"25.69787",-79.2909,"SB","Dipnet",NA,"DNA/ISO taken from right pelvic, workup date was the 17 sep 2016, time: 16:48"
"148","989001004605194",2020-02-09,"Y","f","mature",NA,84.5,26,15,40.93105626,"25.69887",-79.29378,"SB","Dipnet",NA,"DNA and ISO taken from LP. Used in sound trials of VS Mickle. SB ray."
"149","989001004605195",2016-08-22,"N","f","mature",NA,92,NA,14,18.71958326,"25.69880",-79.29662,"SB","Dipnet",NA,"Dna/ISO taken from left pelvic"
"150","989001004605196",2016-08-24,"N","f","mature",NA,77.7,NA,12,86.99411757,"25.69682",-79.28399,"SB","Dipnet",NA,"DNA/ISO taken from left pelvic"
"151","989001004605196",2016-09-16,"Y","f","mature",NA,79,NA,12.5,90.634339,"25.69772",-79.29232,"SB","Dipnet",NA,"DNA/ISo taken from right pelvic, muscle taken from left pec"
"152","989001004605196",2018-03-28,"Y","f","mature",NA,80.9,NA,15.1,6.434326032,"25.69883",-79.29328,"SB","Dipnet",NA,NA
"153","989001004605199",2016-07-22,"N","f","immature",NA,56.1,NA,9.2,13.22908338,"25.69831",-79.29907,"SB","Dipnet",NA,"DNA/ISO taken from right pelvic, two barbs, 7.5 cm and 5.9 cm"
"154","989001004605277",2016-07-22,"N","f","immature",NA,40.2,NA,7.2,16.72443883,"25.69166",-79.30428,"SB","Dipnet",NA,"DNA/ISo taken from right pelvic"
"155","989001004605282",2016-08-24,"N","f","mature",NA,83,NA,13,4703.058378,"25.64905",-79.29389,"unclassified","Dipnet",NA,"DNA/ISO taken from right pelvic"
"156","989001004605284",2016-08-26,"N","m","immature","n",45.3,NA,7.6,41.54595374,"25.69817",-79.29225,"SB","Dipnet",NA,"DNA/ISO taken from left pelvic, claspers are semi calcified"
"157","989001004605284",2017-11-27,"Y","m","mature","y",49,NA,8.5,14.82263406,"25.69869",-79.29257,"SB","Dipnet",NA,NA
"158","989001004605285",2016-08-03,"N","f","mature",NA,88,NA,14,8.784124245,"25.69838",-79.29192,"SB","Dipnet",NA,NA
"159","989001004605293",2016-08-17,"N","m","mature","y",46.5,NA,7.5,69.50112183,"25.69825",-79.29707,"SB","Dipnet",NA,NA
"160","989001004605295",2016-09-28,"N","f","mature",NA,85,NA,14,NA,NA,NA,NA,NA,"Y","DNA taken from right pelvic, Disney crew"
"161","989001004605295",2017-03-01,"Y","f","mature",NA,85.4,NA,13.6,0,"25.69848",-79.29178,"SB","Dipnet",NA,NA
"162","989001004605295",2018-08-02,"Y","f","mature",NA,93.8,NA,14.6,15.3639826,"25.69887",-79.29347,"SB","Dipnet",NA,"Ultrasound performed on the 2018-08-04. This ray was trialed in soundtrials of visiting scientist M. Mickle on the 2018-08-03"
"163","989001004605295",2019-02-15,"Y","f","mature",NA,83.2,NA,14.2,4.918760838,"25.69704",-79.28638,"SB","Dipnet",NA,"ISO taken from left pelvic. Blood sampled for N. Mylniczenko only. No barb."
"164","989001004605295",2019-10-03,"Y","f","mature",NA,NA,21.75,14.8,7.401010378,"25.69733",-79.28036,"SB","Dipnet",NA,"DNA and ISO taken from left pelvic. SB ray."
"165","989001004605295",2020-11-25,"Y","f","mature",NA,96.4,24.2,15,48.68015109,"25.69673",-79.28815,"SB","Seine Net/Chasedown",NA,"ISO taken from LP. Blood for Natalie M. SB ray."
"166","989001004605300",2016-09-29,"N","f","mature",NA,92,NA,15,NA,NA,NA,NA,"Dipnet",NA,"DNA/ISO taken from right pelvic"
"167","989001004605300",2018-11-08,"Y","f","mature",NA,94.4,NA,15.2,0,"25.69854",-79.2917,"SB","Dipnet",NA,"ISO taken from left pelvic. Bite scar on right pectoral fin. Pregnant."
"168","989001004605300",2020-10-08,"Y","f","mature",NA,94.4,24.1,15.5,5.874166163,"25.697587",-79.28342,"SB","Dipnet",NA,"ISO taken from LP. Tail partly missing - TL invalid. Blood for collaborator N. Mylniczenko. SB ray."
"169","989001004605304",2016-08-15,"N","f","immature",NA,57,NA,9,1.406574667,"25.69694",-79.30177,"SB","Dipnet",NA,"DNA location unknown, two barbs 5cm and 11cm"
"170","989001004605304",2016-08-24,"Y","f","immature",NA,56,NA,9,82.55090824,"25.69686",-79.28398,"SB","Dipnet",NA,"DNA/ISO right pelvic"
"171","989001004605304",2018-05-15,"Y","f","mature",NA,75.5,NA,13,2.532731277,"25.69716",-79.30122,"SB","Dipnet",NA,NA
"172","989001004605312",2016-09-29,"N","f","mature",NA,82,NA,13,NA,NA,NA,NA,"Dipnet","Y","DNA/ISO taken from left pelvic, Disney crew"
"173","989001004605312",2020-02-04,"Y","f","mature",NA,78.6,18.7,13,3.734620779,"25.69266",-79.30327,"SB","Dipnet",NA,"DNA and ISO taken from LP. Used in sound trial of VS Mickle. SB ray."
"174","989001004605313",2016-09-29,"N","f","mature",NA,99,NA,16,NA,NA,NA,NA,"Dipnet","Y","DNa/ISO unknown location, Disney crew, one large pup on ultrasound!!"
"175","989001004605315",2016-09-28,"N","f","immature",NA,55,NA,8,NA,NA,NA,NA,NA,"Y","DNA/ISO taken from left pelvic, Disney crew, two barbs!"
"176","989001004605325",2016-09-28,"N","f","mature",NA,97,NA,17,NA,NA,NA,NA,NA,"Y","DNA/ISO taken from the right pelvic, Disney crew"
"177","989001004605331",2016-09-27,"N","f","mature",NA,94,NA,15.5,NA,NA,NA,NA,"Dipnet","Y","DNA/ISO taken from right pelvic, Disney crew"
"178","989001004605331",2016-12-09,"Y","f","mature",NA,92,NA,15,285.2937361,"25.75919",-79.26113,"LGN","Dipnet",NA,"no barb"
"179","989001004605331",2018-07-11,"Y","f","mature",NA,87,NA,15,31.20393007,"25.69909",-79.29572,"SB","Dipnet",NA,"ultrasound on 19 july 2018 @ 11:10. 4x abdominal - right pelvic, 2x upper ventral, 3x lower ventral, 1x skull, 1x left dorsal, 1x right dorsal"
"180","989001004605331",2018-12-01,"Y","f","mature",NA,99.4,NA,14.2,0,"25.69824",-79.2914,"SB","Dipnet",NA,"ISO taken from left pelvic fin. No barb. Not pregnant."
"181","989001004605331",2018-12-10,"Y","f","mature",NA,99.4,NA,NA,7.129400335,"25.69876",-79.2927,"SB","Dipnet",NA,"Individual was caught less than 14-days prior to this capture therefore released in the field without performing a work-up."
"182","989001004605339",2016-07-29,"N","f","mature",NA,88,NA,15,NA,NA,NA,NA,"Dipnet",NA,"DNA/ISO takne from right pelvic, captured in duck pond"
"183","989001004605349",2016-09-12,"N","m","mature","y",49,NA,8,54.50178168,"25.69555",-79.27196,"SB","Dipnet",NA,"DNA/ISO taken from right pelvic, muscle was taken from the left pectoral fin"
"184","989001004605421",2016-07-09,"N","f","immature",NA,46,NA,7.2,4.792821082,"25.69872",-79.29247,"SB","Dipnet",NA,"workup time 11:23, caught on the 26th of June 2016"
"185","989001005294984",2016-12-09,"N","f","mature",NA,82,NA,13.5,0,"25.70053",-79.29282,"SB","Dipnet",NA,"worked up on 10-12-2016"
"186","989001005924802",2018-03-21,"N","f","immature",NA,44.5,NA,7.9,NA,NA,NA,NA,"Dipnet",NA,NA
"187","989001005924813",2017-03-22,"N","f","immature",NA,52.5,NA,7.8,NA,".",NA,NA,"Dipnet",NA,NA
"188","989001005924813",2018-11-17,"Y","f","immature",NA,65.2,NA,9.4,29.40133771,"25.69819",-79.29189,"SB","Dipnet",NA,"ISO taken from left pelvic fin. Too small for muscle sample."
"189","989001005924819",2018-05-15,"N","f","mature",NA,85,NA,14.4,NA,NA,NA,NA,"Dipnet","Y","honeymoon harbor - disney"
"190","989001005924823",2017-01-14,"N","f","mature",NA,95,NA,12,0,"25.69812",-79.28698,"SB","Dipnet",NA,"mating scars; worked up 15-1-2017"
"191","989001005924823",2018-10-28,"Y","f","mature",NA,104.9,NA,15.7,10.24984317,"25.69760",-79.29025,"SB","Dipnet",NA,"Pregnant. Iso fin-clip taken from left pelvic."
"192","989001005924826",2016-11-10,"N","f","mature",NA,89,NA,13,602.2372989,"25.69225",-79.29101,"SB","Dipnet",NA,"cut off tail right after barb"
"193","989001005924837",2016-11-08,"N","f","mature",NA,100.5,NA,16,0,"25.70045",-79.2953,"SB","Dipnet",NA,"scarring on the right side of dorsal ridge"
"194","989001005924837",2017-03-01,"Y","f","mature",NA,99,NA,15,33.78904936,"25.73917",-79.27016,"LGN","Dipnet",NA,"barb came off during capture"
"195","989001005924837",2018-08-02,"Y","f","mature",NA,98.2,NA,16.9,15.3639826,"25.69887",-79.29347,"SB","Dipnet",NA,"Ultrasound performed on the 2018-08-05. This ray was trialed in soundtrials by visiting scientist M. Mickle on the 2018-08-03 and 2018-08-04."
"196","989001005924837",2018-11-17,"Y","f","mature",NA,104.8,NA,16.9,13.38163336,"25.69744",-79.28967,"SB","Dipnet",NA,"ISO taken from left pelvic fin. Bite scar on left pectoral fin. Not pregnant."
"197","989001005924838",2016-11-10,"N","f","mature",NA,82,NA,12.5,0,"25.69740",-79.27409,"SB","Dipnet",NA,"scarring by right spericle"
"198","989001005924838",2018-08-08,"Y","f","mature",NA,86.5,NA,13.5,27.77485957,"25.69876",-79.29653,"SB","Dipnet",NA,"Stingray worked-up as part of the work-up class of new volunteers. Therefore lots of explanatory talk what caused the work-up to be longer than usual. To no unnecessarily make the work-up unreasonably long, no attempt in taking blood and perform ultrasound."
"199","989001005924851",2017-02-20,"N","f","immature",NA,47.9,NA,11.3,0,"25.70014",-79.29307,"SB","Dipnet",NA,"small and pale wound on barb; worked up 23-feb-2017"
"200","989001005924851",2018-11-26,"Y","f","mature",NA,79.4,NA,12.4,4.761962206,"25.69778",-79.29057,"SB","Dipnet",NA,"ISO taken from left pelvic fin."
"201","989001005924854",2017-09-25,"N","f","immature",NA,48,NA,8,3.929309433,"25.69996",-79.29437,"SB","Dipnet",NA,NA
"202","989001005924854",2018-05-17,"Y","f","immature",NA,53.3,NA,8.5,NA,NA,NA,NA,"Dipnet","Y","disney"
"203","989001005924856",2019-03-17,"N","f","mature",NA,74.6,NA,12.6,13.33973648,"25.73248",-79.24689,"BFH","Dipnet",NA,"DNA and ISO taken from left pelvic fin. Brown-grey markings on ventral side, structured and rough, see picture Vital Heim. Caught in Bonefish Hole."
"204","989001005924861",2018-05-17,"N","m","mature",NA,48.8,NA,8,NA,NA,NA,NA,"Dipnet","Y","DISNEY RAY (#35): not indicated if samples are with Disney or not taken. Double check w/ Disney."
"205","989001005924862",2017-01-14,"N","f","mature",NA,73,NA,13.5,0,"25.69866",-79.2894,"SB","Dipnet",NA,"dark blotch on left pec; worked up 15-1-2017"
"206","989001005924862",2017-07-14,"Y","f","mature",NA,89,NA,NA,NA,NA,NA,NA,"Dipnet",NA,NA
"207","989001005924862",2018-10-28,"Y","f","mature",NA,88,NA,13.6,2.073563148,"25.69738",-79.28848,"SB","Dipnet",NA,"Iso fin-clip taken from left pelvic."
"208","989001005924875",2016-12-10,"N","f","mature",NA,89,NA,14,0,"25.69776",-79.27939,"SB","Dipnet",NA,"left pelvic notch"
"209","989001005924875",2018-10-28,"Y","f","mature",NA,92.4,NA,14.1,11.34265719,"25.69740",-79.28934,"SB","Dipnet",NA,"Pregnant. Iso fin-clip taken from left pelvic."
"210","989001005924875",2019-09-24,"Y","f","mature",NA,92.1,21.7,15.2,3.043113313,"25.69805",-79.29106,"SB","Dipnet",NA,"DNA and ISO taken from left pelvic. SB ray."
"211","989001005924881",2017-02-02,"N","f","mature",NA,84.5,NA,13.4,0,"25.70062",-79.29287,"SB","Dipnet",NA,"worked up 4-2-2017"
"212","989001005924885",2017-02-02,"N","f","mature",NA,90,NA,13.5,0,"25.69948",-79.29125,"SB","Dipnet","Y","no barb; us+disney orange tube; worked up 4-2-2017"
"213","989001005924888",2017-03-26,"N","m","mature",NA,46.8,NA,7.9,10.13494726,"25.70012",-79.29407,"SB","Dipnet",NA,NA
"214","989001005924910",2017-03-20,"N","f","immature",NA,50.5,NA,8.5,0,"25.70038",-79.29316,"SB","Dipnet",NA,NA
"215","989001005924920",2017-03-26,"N","m","mature",NA,46.8,NA,NA,10.13494726,"25.70012",-79.29407,"SB","Dipnet",NA,NA
"216","989001005924926",2016-09-29,"N","f","mature",NA,75,NA,11.5,NA,NA,NA,NA,"Dipnet","Y","DNA taken from right pelvic, ISO taken from left pelvic, Disney crew"
"217","989001005924929",2017-10-17,"N","f","immature",NA,51,NA,8,38.94645747,"25.69914",-79.29537,"SB","Dipnet",NA,NA
"218","989001005924934",2017-07-12,"N","m","mature","y",52.1,NA,7.8,17.50340157,"25.69810",-79.29152,"SB","Dipnet",NA,NA
"219","989001005924940",2017-03-20,"N","f","immature",NA,36.4,NA,5.3,NA,"25.69998",NA,NA,"Dipnet",NA,NA
"220","989001005924947",2016-10-25,"N","m","mature","y",46.5,NA,7.5,6.850159999,"25.69878",-79.29263,"SB","Dipnet",NA,"DNA/ISO right pelvic"
"221","989001005924952",2016-10-25,"N","f","immature",NA,66,NA,10.5,0,"25.69730",-79.30104,"SB","Dipnet",NA,"DNA/ISO taken from left pelvic"
"222","989001005924953",2016-09-27,"N","f","mature",NA,101,NA,16,NA,NA,NA,NA,"Dipnet","Y","DNA/ISO taken from right pelvic, Disney Crew"
"223","989001005924953",2018-10-28,"Y","f","mature",NA,103.2,NA,15.5,6.371224627,"25.69877",-79.29256,"SB","Dipnet",NA,"No tail. Tail cut/bitten off in between pelvic fins, TL shorter than from snout to end of pelvic fins."
"224","989001005924953",2018-11-08,"Y","f","mature",NA,NA,NA,NA,0,"25.69854",-79.2917,"SB","Dipnet",NA,"Released after capture in the field, as this individual was caught less than 14 days prior to this capture."
"225","989001005924953",2018-11-15,"Y","f","mature",NA,NA,NA,NA,17.98272415,"25.69662",-79.27522,"SB","Dipnet",NA,"Released after capture in the field as individual was captured less than 14 days prior to this capture."
"226","989001005924953",2018-12-01,"Y","f","mature",NA,98.4,NA,15.5,6.651694949,"25.69707",-79.28794,"SB","Dipnet",NA,"ISO taken from left pelvic fin. Tail completely missing, not successful in taking blood from caudal vein. Pregnant."
"227","989001005924954",2016-12-10,"N","f","mature",NA,85,NA,13,0,"25.69776",-79.27939,"SB","Dipnet",NA,"notch right pectoral"
"228","989001005924954",2017-03-01,"Y","f","mature",NA,84.3,NA,12,0,"25.69745",-79.28046,"SB","Dipnet",NA,NA
"229","989001005924954",2017-03-20,"Y","f","mature",NA,82,NA,13.5,0,"25.69796",-79.27875,"SB","Dipnet",NA,NA
"230","989001005924972",2016-09-28,"N","f","mature",NA,86,NA,12.5,NA,NA,NA,NA,NA,"Y","DNA/ISO taken from left pelvic, Disney Crew"
"231","989001005924972",2017-07-12,"Y","f","mature",NA,90,NA,13.6,41.01108544,"25.69903",-79.29559,"SB","Dipnet",NA,"attempted to take muscle"
"232","989001005924973",2016-10-25,"N","f","mature",NA,87,NA,16,7.918097493,"25.69764",-79.29028,"SB","Dipnet",NA,"DNA/ISO taken from right pelvic, no tail and left lec piece missing, worked up with high schoolers"
"233","989001005924973",2019-02-28,"Y","f","mature",NA,87.4,NA,16,124.2934602,"25.69592",-79.28734,"SB","Dipnet",NA,"ISO taken from left pelvic fin. Blood sampled for N. Mylniczenko only. Pregnant. No tail, no barb. Left pelvin fin is shredded and has a huge chunk missing."
"234","989001005924973",2019-04-20,"Y","f","mature",NA,92,NA,15,7.055647861,"25.69769",-79.28264,"SB","Dipnet",NA,"DNA and ISO taken from left pelvic fin. Replicate DNA. Pregnant. Missing tail."
"235","989001005924973",2020-02-02,"Y","f","mature",NA,90,21.4,13.5,3.868638878,"25.73225",-79.24687,"BFH","Dipnet",NA,"DNA and ISO taken from LP. No tail, no TL. Pregnant. SB ray."
"236","989001005924973",2020-03-05,"Y","f","mature",NA,98.1,20.2,15,0.6428546918,"25.69655",-79.27286,"SB","Dipnet",NA,"DNA and ISO taken from LP. Tail and barb missing, no TL. Bite mark left pectoral fin, parts of left pelvic missing. SB ray."
"237","989001005924975",2016-10-26,"N","f","mature",NA,95.5,NA,16,NA,NA,NA,NA,"Dipnet",NA,"DNA/ISO taken from left pelvic, missing end of tail where barb ends"
"238","989001005924975",2016-11-25,"Y","f","mature",NA,96.5,NA,16,0,"25.69935",-79.29084,"SB","Dipnet",NA,"tail clipped at barb"
"239","989001005924975",2017-01-14,"Y","f","mature",NA,93.9,NA,17,0,"25.69868",-79.28938,"SB","Dipnet",NA,"broken tail"
"240","989001005924975",2018-08-30,"Y","f","mature",NA,95,NA,16.6,4.167935082,"25.69758",-79.28458,"SB","Dipnet",NA,"Work-up on the 2018-09-07, started at 13:28, blood taken at 13:49, ultrasound at 13:53, work-up ended at 14:05. Pregnant. Cut-off tail."
"241","989001005924975",2019-03-26,"Y","f","mature",NA,97.4,NA,15.8,26.12716016,"25.697652",-79.290859,"SB","Dipnet",NA,"DNA and ISO taken from left pelvic. Recap DNA. GPS location is an approximation. Barb missing. Parts of tail missing. Pregnant."
"242","989001005924983",2016-09-28,"N","f","mature",NA,86,NA,15,NA,NA,NA,NA,NA,"Y","DNA/ISO taken from left pelvic, Disney crew Juanita!"
"243","989001005924984",2018-07-12,"N","f","mature",NA,87.8,NA,14,133.7318777,"25.69791",-79.29603,"SB","Dipnet",NA,"ultrasound, 17 july 2018 @11:14: pregnant"
"244","989001006700481",2018-04-04,"N","m","mature","y",52,NA,10.9,98.8991551,"25.69805",-79.29663,"SB","Dipnet",NA,"caught on 27 march 2018, worked up on april 3. blood and acoustic on april 4"
"245","989001006700490",2018-08-05,"N","f","immature",NA,65,NA,9,27.77485957,"25.69876",-79.29653,"SB","Dipnet",NA,"Stingray worked up as part of work-up class for volunteers. Longer work-up than usual due to explanation of steps. Therefore not attempted to take blood and perform ultrasound to keep duration of work-up reasonable."
"246","989001006700493",2018-11-08,"N","f","mature",NA,78.1,NA,12,0,"25.69854",-79.2917,"SB","Dipnet",NA,"DNA and Isotope samples taken from left pelvic."
"247","989001006700493",2019-02-15,"Y","f","mature",NA,NA,NA,NA,160.072539,"25.69619",-79.2903,"SB","Dipnet",NA,"Released on the 2019-02-19 without work-up due to sound trials by visiting scientist M. Mickle."
"248","989001006700493",2019-02-24,"Y","f","mature",NA,NA,NA,NA,4.249798541,"25.69734",-79.28039,"SB","Dipnet",NA,"Individual previously caught within the last 14 days, therefore released in the field without performing work-up."
"249","989001006700493",2020-01-21,"Y","f","mature",NA,73.9,17.9,12.2,19.37028179,"25.69832",-79.29887,"SB","Dipnet",NA,"DNA and ISO from LP. SB ray."
"250","989001006700493",2020-03-07,"Y","f","mature",NA,NA,NA,NA,NA,NA,NA,"SB","Dipnet",NA,"Released in field without workup due to recent recapture. SB ray."
"251","989001006700520",2018-11-17,"N","f","mature",NA,94,NA,15.2,9.501589893,"25.69794",-79.29103,"SB","Dipnet",NA,"DNA and ISO taken from left pelvic. Not pregnant."
"252","989001006700537",2019-09-15,"N","f","immature",NA,60,7.65,9.9,29.91765064,"25.71655",-79.29137,"LGN","Dipnet",NA,"DNA and ISO taken from left pelvic. First capture effort in Radio Channel."
"253","989001006700560",2019-07-09,"N","f","mature",NA,92.6,NA,14.5,0,"25.73245",-79.24672,"BFH","Dipnet",NA,"DNA and ISO taken from left pelvic fin. Early pregnancy."
"254","989001006700567",2019-07-01,"N","f","mature",NA,86.5,NA,12.8,0,"25.69087",-79.30441,"SB","Dipnet",NA,"DNA and ISO taken from left pelvic fin."
"255","989001006700568",2018-09-14,"N","f","mature",NA,75.4,NA,11,0,"25.70067",-79.29511,"SB","Dipnet",NA,NA
"256","989001006700629",2017-09-25,"N","f","immature",NA,56,NA,9,NA,NA,NA,NA,"Dipnet",NA,NA
"257","989001006700629",2018-05-15,"Y","f","immature",NA,59,NA,10,20.17060582,"25.69861",-79.29279,"SB","Dipnet",NA,NA
"258","989001006700629",2018-08-09,"Y","f","immature",NA,66,NA,10,28.29675105,"25.698905",-79.29644,"SB","Dipnet",NA,NA
"259","989001006700633",2018-10-09,"N","f","mature",NA,70.8,NA,12.3,0.1396063705,"25.69707",-79.28683,"SB","Dipnet",NA,"This ray was categorised as re-cap in the field, and therefore no DNA was taken. However, it should have been a newcap and DNA is missing. Missing tail and barb."
"260","989001006700633",2020-02-24,"Y","f","mature",NA,80,18.5,12.6,7.68117898,"25.69800",-79.29107,"SB","Dipnet",NA,"DNA and ISO taken from LP. Used in soundtrials of visiting scientits. Barb and tail missing. SB ray."
"261","989001006700659",2018-03-28,"N","f","mature",NA,86.2,NA,17.4,12.68310413,"25.69822",-79.29162,"SB","Dipnet",NA,NA
"262","989001006700659",2018-11-05,"Y","f","mature",NA,88.9,NA,13.9,9.868259498,"25.69786",-79.29097,"SB","Dipnet",NA,"Not pregnant. Isotope sample taken from left pelvic."
"263","989001006700661",2017-09-25,"N","f","immature",NA,48,NA,7.7,9.700581887,"25.69989",-79.29435,"SB","Dipnet",NA,NA
"264","989001006700661",2019-02-24,"Y","f","immature",NA,59.2,NA,9,0,"25.69846",-79.29183,"SB","Dipnet",NA,"ISO taken from left pelvic fin. Blood collected for N. Mylniczenko only."
"265","989001006700707",2017-11-26,"N","f","immature",NA,65.5,NA,9.5,0,"25.69994",-79.29676,"SB","Dipnet",NA,"two barbs"
"266","989001006700707",2018-03-21,"Y","f","immature",NA,64,NA,10.5,NA,NA,NA,NA,"Dipnet",NA,NA
"267","989001006700707",2018-08-09,"Y","f","immature",NA,67.6,NA,10,28.29675105,"25.698905",-79.29644,"SB","Dipnet",NA,NA
"268","989001006700707",2019-01-25,"Y","f","immature",NA,67.1,NA,9.5,3.946952922,"25.69876",-79.29311,"SB","Dipnet",NA,"ISO taken from left pelvic."
"269","989001006700707",2019-11-12,"Y","f","mature",NA,71.2,9.1,10.9,91.00483678,"25.69781",-79.29752,"SB","Dipnet",NA,"DNA and ISO taken from left pelvic. Shortened barb - no BL. SB ray."
"270","989001006700707",2020-02-15,"Y","f","immature",NA,66.6,11.4,10.8,10.48248224,"25.69874",-79.29259,"SB","Dipnet",NA,"DNA and ISO taken from LP. Used in sound trials of VS Mickle. SB ray."
"271","989001006700707",2020-02-24,"Y","f",NA,NA,NA,NA,NA,10.88632759,"25.69867",-79.29305,"SB","Dipnet",NA,"Released in-field without work-up due to recent re-capture. SB ray."
"272","989001006700756",2018-03-07,"N","m","immature","n",35,NA,6.5,NA,NA,NA,NA,"Dipnet",NA,NA
"273","989001006700760",2018-01-22,"N","f","mature",NA,75.2,NA,19,0,"25.69848",-79.29161,"SB","Dipnet",NA,NA
"274","989001006700791",2017-07-12,"N","m","mature","y",52.1,NA,7.9,45.16791848,"25.69850",-79.29707,"SB","Dipnet",NA,NA
"275","989001006700794",2017-10-02,"N","f","mature",NA,93,NA,15,130.8055383,"25.69737",-79.29817,"SB","Dipnet",NA,NA
"276","989001006700794",2018-10-01,"Y","f","mature",NA,103.1,NA,15.5,7.511736198,"25.69664",-79.27656,"SB","Dipnet",NA,NA
"277","989001006700794",2019-01-25,"Y","f","mature",NA,95,NA,16.5,0,"25.69767",-79.29014,"SB","Dipnet",NA,"ISO taken from left pelvic."
"278","989001006700794",2019-03-26,"Y","f","mature",NA,97,NA,15.6,161.6255224,"25.69614",-79.28379,"SB","Dipnet",NA,"DNA and ISO taken from left pelvic fin. Recap DNA. Pregnant."
"279","989001006700810",2017-07-12,"N","f","mature",NA,81,NA,10.16,89.08257674,"25.69555",-79.302,"SB","Dipnet",NA,NA
"280","989001006700810",2018-11-17,"Y","f","mature",NA,88.3,NA,13.2,47.76239165,"25.69846",-79.2971,"SB","Dipnet",NA,"Unsure which location for ISO. Either right or left pelvic. Not pregnant."
"281","989001006700810",2018-12-10,"Y","f","mature",NA,88.3,NA,NA,10.79874793,"25.69779",-79.29074,"SB","Dipnet",NA,"Individual was caught 14 days prior to this capture. Therefore the individual was only sampled for blood and ultrasounded and then released in the field."
"282","989001006700810",2020-03-07,"Y","f","mature",NA,92.3,28.5,14.7,28.57627452,"25.69738",-79.28427,"SB","Dipnet",NA,"DNA and ISO taken from LP. SB ray."
"283","989001006700818",2018-03-02,"N","f","mature",NA,98.4,NA,15.2,12.38590444,"25.69698",-79.28652,"SB","Dipnet",NA,NA
"284","989001006700845",2017-07-15,"N","f","mature",NA,96,NA,13.2,55.69542994,"25.69951",-79.29411,"SB","Dipnet",NA,NA
"285","989001006700845",2018-11-17,"Y","f","mature",NA,97.2,NA,13.9,12.24551706,"25.69779",-79.29078,"SB","Dipnet",NA,"ISO taken from left pelvic. Pregnant."
"286","989001006700845",2020-01-21,"Y","f","mature",NA,95.1,19.4,14.5,31.00298389,"25.69765",-79.3,"SB","Dipnet",NA,"DNA and ISO taken from LP. SB ray."
"287","989001006700847",2015-03-22,"N","f","mature",NA,84,NA,NA,4.351610609,"25.698854",-79.293276,"SB","Dipnet",NA,"4.12.22 changed PIT to 989001006700847 based on comments.
Original PIT tag was 4C4A492769. -ESH"
"288","989001006700847",2018-03-02,"Y","f","mature",NA,91.1,NA,16,4.109897443,"25.69708",-79.28789,"SB","Dipnet",NA,NA
"289","989001006700847",2019-01-25,"Y","f","mature",NA,91.1,NA,14.9,1.69992161,"25.69884",-79.29259,"SB","Dipnet",NA,"ISO taken from left pelvic fin. Uncertain about pregnancy."
"290","989001006700847",2019-02-07,"Y","f","mature",NA,94.9,NA,15,0,"25.69842",-79.29168,"SB","Dipnet",NA,"This ray has been tagged twice with two different PIT tags in the past. The second PIT tag number is: 4C4A492769. This ray was caught less than 4 weeks prior to this capture, therefore only measurements, blood and ultrasound were taken. "
"291","989001006700866",2017-10-17,"N","m","mature","y",53,NA,NA,31.20019203,"25.69918",-79.29546,"SB","Dipnet",NA,NA
"292","989001006700866",2018-07-12,"Y","m","mature","y",57,NA,10,29.89623554,"25.69870",-79.29659,"SB","Dipnet",NA,"worked up day later and then released"
"293","989001006700866",2018-09-30,"Y","m","mature","y",55,NA,9,27.11694719,"25.69802",-79.29156,"SB","Dipnet",NA,NA
"294","989001006700866",2018-10-28,"Y","m","mature","y",NA,NA,NA,0,"25.69881",-79.29304,"SB","Dipnet",NA,"Re-captured after 3.5 weeks, therefore individual was released right away in the field without performing a work-up."
"295","989001026313142",2019-03-03,"N","m","mature","y",43.4,NA,7.6,10.07866707,"25.698993",-79.296615,"SB","Dipnet",NA,"DNA and ISO taken from left pelvic fin. Blood sampled for N. Mylniczenko only."
"296","989001026313143",2018-08-02,"N","f","mature",NA,75,NA,12.5,33.34633111,"25.69760",-79.29097,"SB","Dipnet",NA,"Ultrasound performed on the 2018-08-05. This ray way trialed in soundtrials of visiting scientist Megan Mickle on the 2018-08-03 and 2018-08-05"
"297","989001026313143",2018-11-17,"Y","f","mature",NA,77,NA,11.1,3.64594107,"25.69264",-79.30347,"SB","Dipnet",NA,"ISO taken from left pelvic fin."
"298","989001026313143",2020-02-15,"Y","f","mature",NA,77,17,12.5,13.9446198,"25.69853",-79.2923,"SB","Dipnet",NA,"DNA and ISO taken from LP. Used in soundtrials of VS Mickle. No barb, no BL. SB ray."
"299","989001026313151",2018-10-01,"N","f","mature",NA,77,NA,12,14.09354318,"25.69499",-79.26938,"SB","Dipnet",NA,NA
"300","989001026313152",2019-05-09,"N","f","mature",NA,92.5,21.5,15,11.93993624,"25.73156",-79.24706,"BFH","Dipnet",NA,"Location: BFH. DNA and ISO taken from left pelvic fin."
"301","989001026313157",2018-11-26,"N","f","mature",NA,84,NA,12.7,6.895946763,"25.69771",-79.29051,"SB","Dipnet",NA,"DNA and ISO taken from left pelvic fin. Not pregnant."
"302","989001026313160",2019-02-19,"N","m","mature","y",45.4,NA,7,10.59277257,"25.69897",-79.29661,"SB","Dipnet",NA,"DNA and ISO taken from left pelvic fin. Blood collected for N. Mylniczenko only. Caught outside tour pen."
"303","989001026313161",2019-02-24,"N","f","immature",NA,47,NA,7.2,11.62356768,"25.69968",-79.29456,"SB","Dipnet",NA,"DNA and ISO taken from left pelvic fin. Blood collected for N. Mylniczenko only."
"304","989001026313161",2019-08-13,"Y","f","immature",NA,56.4,NA,8.5,10.43379313,"25.69454",-79.30319,"SB","Dipnet",NA,"DNA and ISO taken from left pelvic fin. Two barbs. 2nd barb length: 6.4 cm. Location: SB."
"305","989001026313161",2020-11-25,"Y","f","immature",NA,65.6,9.2,9.9,122.3482074,"25.69654",-79.2903,"SB","Seine Net/Chasedown",NA,"ISO taken from LP. Blood for Natalie M. SB ray."
"306","989001026313165",2018-05-16,"N","m","mature",NA,47.5,NA,9.1,NA,NA,NA,NA,"Dipnet",NA,NA
"307","989001026313172",2019-03-16,"N","f","mature",NA,95.6,NA,14.8,48.64247945,"25.73643",-79.24598,"BFH","Dipnet",NA,"DNA and ISO taken from left pelvic fin. Caught in Bonefish Hole. Part of tail missing. PIT-tag by Joey Nolan."
"308","989001026313180",2019-11-01,"N","f","mature",NA,77,12.56,12.2,24.52956304,"25.72484",-79.28447,"LGN","Dipnet",NA,"DNA and ISO taken from left pelvic. SL (PIG) ray."
"309","989001026313181",2018-05-15,"N","f","mature",NA,87.3,NA,13.5,NA,NA,NA,NA,"Dipnet","Y","disney - honeymoon harbor"
"310","989001026313185",2018-07-12,"N","f","immature",NA,52,NA,11,29.89623554,"25.69870",-79.29659,"SB","Dipnet",NA,NA
"311","989001026313187",2019-03-25,"N","f","mature",NA,108.4,NA,17,9.532618051,"25.76018",-79.25765,"LGN","Dipnet",NA,"DNA and ISO taken from left pelvic. Caught in North Sound."
"312","989001026313189",2019-02-24,"N","m","mature","y",55.2,NA,8.6,3.43407644,"25.69917",-79.29652,"SB","Dipnet",NA,"DNA and ISO taken from left pelvic fin. Blood collected for N. Mylniczenko only. Caught right next to backbeach pen."
"313","989001026313189",2019-03-01,"Y","m","mature","y",55.2,NA,8.6,4584.327052,"25.65022",-79.29358,"unclassified","Rod & Reel",NA,"Caught by Rod+Reel at the Sapona shipwreck. Hook removed completely. This individual was caught less than 14 days ago, therefore it was released in the field without performing work-up."
"314","989001026313190",2018-05-15,"N","f","mature",NA,90,NA,15,3.001104278,"25.69716",-79.3012,"SB","Dipnet",NA,NA
"315","989001026313193",2019-07-09,"N","f","mature",NA,72.5,9.8,10,0,"25.73245",-79.24672,"BFH","Dipnet",NA,"DNA and ISO taken from left pelvic fin. Missing tail, kinked tail, tail deformity."
"316","989001026313195",2019-02-28,"N","f","immature",NA,42,NA,7.3,124.2934602,"25.69592",-79.28734,"SB","Dipnet",NA,"DNA and ISO taken from left pelvic fin. Blood sampled for N. Mylniczenko only. Shredded left pelvic fin. Parts of tail are missing. Two barbs - shorter barb length: 5.5 cm."
"317","989001026313197",2019-03-26,"N","f","mature",NA,72.6,NA,11.6,22.88429585,"25.69671",-79.27843,"SB","Dipnet",NA,"DNA and ISO taken from left pelvic fin."
"318","989001026313197",2020-03-05,"Y","f","mature",NA,83.7,18.4,12.9,6.869897451,"25.69678",-79.27487,"SB","Dipnet",NA,"DNA and ISO taken from LP. SB ray."
"319","989001026313197",2020-11-06,"Y","f","mature",NA,94.5,23.3,13.5,0,"25.69792",-79.29086,"SB","Dipnet",NA,"ISO from LP. Shredded left pectoral fin with fresh wounds. Sonotronics tag: 5-5-5-7. Blood for Natalie. SB ray."
"320","989001026313198",2019-02-24,"N","m","mature","y",42.9,NA,6.9,10.59277257,"25.69897",-79.29661,"SB","Dipnet",NA,"DNA and ISO taken from left pelvic fin. Two barbs. Shorter barb length: 5.2. Blod collected for N. Mylniczenko only."
"321","989001026313198",2019-07-01,"Y","m","mature","y",45,3.07,7,4.16842858,"25.69394",-79.30301,"SB","Dipnet",NA,"DNA and ISO taken from left pelvic fin. Only 1 barb - during previous capture this ray had two barbs. End of tail missing."
"322","989001026313200",2019-02-07,"N","f","mature",NA,91.8,NA,14,5.36326681,"25.69891",-79.29668,"SB","Dipnet",NA,"DNA and ISO taken from left pelvic fin. Not pregnant."
"323","989001026313219",2018-05-15,"N","f","mature",NA,77.5,NA,12,NA,NA,NA,NA,"Dipnet",NA,"caught at honeymoon harbour"
"324","989001026313219",2018-12-01,"Y","f","mature",NA,87.2,NA,12.9,16.10185344,"25.69808",-79.29143,"SB","Dipnet",NA,"ISO taken from left pelvic fin. Not pregnant."
"325","989001026313222",2018-05-14,"N","m","mature",NA,46.5,NA,7,1.251864261,"25.70153",-79.29436,"SB","Dipnet",NA,NA
"326","989001026313230",2018-10-01,"N","f","mature",NA,99.2,NA,18,0,"25.69843",-79.29173,"SB","Dipnet",NA,NA
"327","989001026313236",2018-09-14,"N","f","mature",NA,92.3,NA,14.4,2030.102314,"25.67710",-79.29063,"SB","Dipnet",NA,NA
"328","989001026313236",2020-02-24,"Y","f","mature",NA,95.5,27.5,14.2,155.6368281,"25.69736",-79.29325,"SB","Dipnet",NA,"DNA and ISO taken from left pelvic fin. SB ray."
"329","989001026313238",2018-07-10,"N","f","mature",NA,77.2,NA,12.5,69.56272127,"25.69803",-79.29742,"SB","Dipnet",NA,"ultrasound: jul 19, 2018 @ 10.54. 1x skull, 1x left dorsal, 1x right dorsal, 3x abdominal, starting right pelvic: 2x upper ventral, 2x lower ventral"
"330","989001026313243",2018-05-15,"N","f","mature",NA,81,NA,13.5,97.72987424,"25.69287",-79.30174,"SB","Dipnet",NA,NA
"331","989001026313243",2019-07-01,"Y","f","mature",NA,86,16.4,13,4.785955713,"25.69706",-79.30154,"SB","Dipnet",NA,"DNA and ISO taken from left pelvic fin."
"332","989001026313243",2020-03-05,"Y","f","mature",NA,87,NA,13.4,9.312932713,"25.69800",-79.29967,"SB","Dipnet",NA,"DNA and ISO taken from LP. SB ray."
"333","989001026313249",2018-05-18,"N","f","mature",NA,78,NA,14.5,NA,NA,NA,NA,"Dipnet","Y","Disney-Ray (#37): pregnant w/ 3 pups, stubby barbless tail."
"334","989001026313255",2019-02-06,"N","m","mature","y",50,NA,8.2,3.225291447,"25.699164",-79.29654,"SB","Dipnet",NA,"DNA and ISO taken from left pelvic fin. Ray was circling the outside of the BBFSF tour pen and subsequently caught fresh before the work-up using dipnets. Barb broke off during capture. BL measured after workout using broken of barb."
"335","989001026313256",2019-02-19,"N","m","mature","y",46,NA,7.5,5.309293147,"25.69870",-79.29295,"SB","Dipnet",NA,"DNA and ISO taken from left pelvic fin. Blood collected for N. Mylniczenko only."
"336","989001026313256",2020-03-05,"Y","m","mature","y",46.5,3.7,7.5,0.8510272281,"25.69285",-79.30296,"SB","Dipnet",NA,"DNA and ISO taken from LP. Scar/bite mark right pectoral fin. SB ray."
"337","989001026313263",2018-05-15,"N","f","mature",NA,89,NA,12,101.0716638,"25.69286",-79.3017,"SB","Dipnet",NA,NA
"338","989001026313275",2018-12-01,"N","f","mature",NA,91.1,NA,14.2,16.10185344,"25.69808",-79.29143,"SB","Dipnet",NA,"DNA and ISO taken from left pelvic fin. Shredded right pectoral fin. Large uterus. Potentially post-partum."
"339","989001026313278",2019-01-25,"N","m","mature","y",42.2,NA,7.8,24.90484937,"25.698363",-79.292277,"SB","Dipnet",NA,"DNA and ISO taken from left pelvic fin."
"340","989001026313287",2019-05-09,"N","f","mature",NA,93.1,21.2,15,0,"25.73261",-79.24667,"BFH","Dipnet",NA,"Location: BFH. DNA and ISO taken from left pelvic fin. No tail. Mating scars on right pectoral fin. Scarring around cloaca."
"341","989001026313302",2018-11-17,"N","f","mature",NA,102.1,NA,16.1,11.05028144,"25.69776",-79.29067,"SB","Dipnet",NA,"DNA and ISO taken from left pelvic. Tip of barb was broken off and tail partly missing. Pregnant."
"342","989001026313304",2018-05-15,"N","f","mature",NA,86,NA,13.6,NA,NA,NA,NA,"Dipnet","Y","disney - honeymoon harbor"
"343","989001026313317",2018-05-15,"N","m","mature",NA,56.5,NA,NA,1.455472765,"25.69717",-79.30122,"SB","Dipnet",NA,NA
"344","989001026313317",2018-05-17,"Y","m","mature",NA,56.5,4.1,7.5,NA,NA,NA,NA,"Dipnet","Y","Disney-Ray"
"345","989001026313320",2018-05-15,"N","f","mature",NA,80,NA,12.6,NA,NA,NA,NA,"Dipnet","Y","disney-honeymoon harbor"
"346","989001026313322",2019-02-19,"N","m","mature","y",50.1,NA,7.3,13.42174504,"25.69785",-79.29101,"SB","Dipnet",NA,"DNA and ISO taken from left pelvic. Blood collected for N. Mylniczenko only. Two barbs. Shorter barb length: 8.0."
"347","989001026313323",2019-02-07,"N","f","immature",NA,36,NA,6,2.175524755,"25.69922",-79.29647,"SB","Dipnet",NA,"DNA and ISO taken from left pelvic fin. Very small female. Only 6 ml blood taken. First time succesfully using a vacutainer butterfly needle."
"348","989001026313323",2019-08-21,"Y","f","immature",NA,41.9,NA,6.3,99.05834297,"25.69776",-79.29739,"SB","Dipnet",NA,"DNA and ISO taken from left pelvic. Location: SB."
"349","989001026313323",2019-10-13,"Y","f","immature",NA,39.6,1.32,6.7,40.07728939,"25.6982",-79.2979,"SB","Dipnet",NA,"DNA and ISO taken from left pelvic. SB ray."
"350","989001026313323",2020-11-25,"Y","f","immature",NA,50.5,4.13,7.5,4.4665506,"25.69803",-79.29971,"SB","Seine Net/Chasedown",NA,"ISO taken from LP. Blood for Natalie M. SB ray."
"351","989001026313343",2019-03-17,"N","f","mature",NA,74,NA,12,11.04956344,"25.73230",-79.24693,"BFH","Dipnet",NA,"DNA and ISO taken from left pelvic fin. Caught in Bonefish Hole. PIT-tag by Erin Leal."
"352","989001026313357",2019-03-16,"N","f","mature",NA,87.4,NA,13.8,5.622695056,"25.73151",-79.24699,"BFH","Dipnet",NA,"DNA and ISO taken from left pelvic fin. Caught in Bonefish Hole. PIT-tag by Jerome McKay-Jones."
"353","989001026313359",2019-03-25,"N","f","mature",NA,92,NA,15.6,62.24209341,"25.73618",-79.26633,"LGN","Dipnet",NA,"DNA and ISO taken from left pelvic fin. Caught in Sharkland."
"354","989001026313364",2019-02-15,"N","f","mature",NA,86.8,NA,13,70.72978416,"25.69149",-79.3037,"SB","Dipnet",NA,"DNA and ISO taken from left pelvic fin. Blood collected for N. Mylniczenko only."
"355","989001026313369",2019-05-09,"N","f","mature",NA,91,21,14.4,11.29692649,"25.73161",-79.24706,"BFH","Dipnet",NA,"Location: BFH. DNA and ISO taken from left pelvic fin. Pregnant."
"356","989001026313369",2019-07-09,"Y","f","mature",NA,92,22.14,13.5,0,"25.73245",-79.24672,"BFH","Dipnet",NA,"DNA and ISO taken from left pelvic fin."
"357","989001026313370",2019-03-25,"N","m","mature","y",54.2,NA,9.2,30.11370321,"25.75886",-79.2585,"LGN","Dipnet",NA,"DNA and ISO taken from left pelvic fin. Caught in North Sound. Couldn't be worked up due to transport tub limtiation until 11:50. Parts of tail missing."
"358","989001026313371",2019-03-26,"N","f","mature",NA,83,NA,12.2,262.6656491,"25.69439",-79.2754,"SB","Dipnet",NA,"DNA and ISO taken from left pelvic fin."
"359","989001026313377",2019-02-28,"N","m","mature","y",48,NA,7.2,3.049708207,"25.699178",-79.296509,"SB","Dipnet",NA,"DNA and ISO taken from left pelvic fin. Blood sampled for N. Mylniczenko only."
"360","989001026313378",2019-03-16,"N","f","mature",NA,82,NA,12,0.4270629529,"25.73256",-79.24673,"BFH","Dipnet",NA,"DNA and ISO taken from left pelvic fin. Caught in Bonefish Hole. PIT-tag by Sarah-Francis."
"361","989001026313378",2019-05-09,"Y","f","mature",NA,NA,NA,NA,57.55400293,"25.73294",-79.2492,"BFH","Dipnet",NA,"Location: BFH. Released in the field."
"362","989001026313388",2019-03-16,"N","f","mature",NA,85.8,NA,11.9,0.4270629529,"25.73256",-79.24673,"BFH","Dipnet",NA,"DNA and ISO taken from left pelvic fin. Caught in Bonefish Hole."
"363","989001026313402",2019-03-25,"N","f","mature",NA,88.5,NA,14,99.1087192,"25.75309",-79.26192,"LGN","Dipnet",NA,"DNA and ISO taken from left pelvic fin. Caught in North Sound. Pregnant."
"364","989001026313402",2019-03-25,"Y","f","mature",NA,88.5,NA,14,70.34911663,"25.75387",-79.26118,"LGN","Dipnet",NA,"Caught earlier this morning. Immediate release in the field."
"365","989001026313413",2018-11-26,"N","f","mature",NA,77,NA,12.1,811.9734891,"25.69055",-79.29218,"SB","Dipnet",NA,"DNA and ISO taken from left pelvic fin."
"366","989001026313417",2019-05-09,"N","f","mature",NA,93.9,20.6,13.9,8.605705545,"25.73171",-79.24703,"BFH","Dipnet",NA,"Location: BFH. DNA and ISO taken from left pelvic fin. Parts of tail missing."
"367","989001026313424",2018-08-08,"N","f","mature",NA,80.6,NA,13.8,112.5315806,"25.69812",-79.294,"SB","Dipnet",NA,NA
"368","989001026313424",2019-09-15,"Y","f","mature",NA,80.2,20.12,13.4,0,"25.71660",-79.29287,"LGN","Dipnet",NA,"DNA and ISO taken from left pelvic. First capture effort in Radio Channel."
"369","989001026313430",2019-03-03,"N","m","mature","y",49.6,NA,7.6,3.049708207,"25.699178",-79.296509,"SB","Dipnet",NA,"DNA and ISO taken from left pelvic fin. Blood sampled for N. Mylniczenko only. No tail."
"370","989001026313440",2019-03-26,"N","m","mature","y",48.8,NA,7.4,30.21453602,"25.69645",-79.27642,"SB","Dipnet",NA,"DNA and ISO taken from left pelvic fin."
"371","989001026313442",2019-08-21,"N","m","mature","y",42.6,1.82,7.2,4.233771502,"25.69924",-79.29634,"SB","Dipnet",NA,"DNA and ISO taken from left pelvic. One parasite from claspers collected."
"372","989001026313444",2019-08-21,"N","f","immature",NA,53.5,NA,8.3,0,"25.69946",-79.29556,"SB","Dipnet",NA,"DNA and ISO taken from left pelvic fin. Location: SB."
"373","989001026313446",2019-09-12,"N","f","mature",NA,82.5,12.05,12.5,0,"25.69936",-79.2962,"SB","Dipnet",NA,"DNA and ISO taken from left pelvic."
"374","989001026313446",2020-02-15,"Y","f","mature",NA,82.4,16.1,13.1,11.17301782,"25.69739",-79.28914,"SB","Dipnet",NA,"DNA and ISO taken from LP. Used in soundtrials of VS Mickle. SB ray."
"375","989001026313449",2019-07-22,"N","f","immature",NA,65.4,7.9,10.1,34.09824763,"25.72725",-79.26999,"LGN","Dipnet",NA,"DNA and ISO taken from left pelvic fin. Ray has intense scratch marks around spiracles and between eyes. No ultrasound performed as device in maintenance. Caught in SL lagoon."
"376","989001026313456",2019-07-20,"N","f","mature",NA,98,28.05,15,10.6953649,"25.77368",-79.25789,"LGN","Dipnet",NA,"DNA and ISO taken from left pelvic fin. No ultrasound as device in maintenance. Parts of tail missing. Caught in NS lagoon."
"377","989001026313458",2018-08-05,"N","f","mature",NA,93.3,NA,13.1,28.29675105,"25.698905",-79.29644,"SB","Dipnet",NA,"Work-up started at 14:29, blood taken at 14:49."
"378","989001026313461",2019-02-15,"N","m","mature","y",51.2,NA,7.8,7.870510303,"25.69919",-79.29641,"SB","Dipnet",NA,"DNA and ISO taken from left pelvic fin. Blood collected for N. Mylniczenko only."
"379","989001026313461",2019-10-21,"Y","m","mature","y",51.6,4.53,8.1,15.66414796,"25.69879",-79.29683,"SB","Dipnet",NA,"DNA and ISO taken from left pelvic. Two barbs, shorter BL: 7.5. SB ray."
"380","989001026313463",2019-09-15,"N","f","mature",NA,94,27.1,15.5,22.89906913,"25.71693",-79.2925,"LGN","Dipnet",NA,"DNA and ISO taken from left pelvic. No tail, no TL. No barb, no BL. First capture effort in Radio Channel."
"381","989001026313464",2019-07-22,"N","f","mature",NA,105.6,23.43,16,0,"25.69970",-79.29689,"SB","Dipnet",NA,"DNA taken from left pelvic fin. Isotope fin clip missing upon return to Sharklab. Caught in SL lagoon."
"382","989001026313467",2019-08-21,"N","f","immature",NA,41.8,NA,7,10.36536055,"25.69885",-79.29671,"SB","Dipnet",NA,"DNA and ISO taken from left pelvic fin. Location: SB."
"383","989001026313468",2019-07-22,"N","f","mature",NA,83,15.17,13.5,55.02439458,"25.72693",-79.26274,"BFH","Dipnet",NA,"DNA and ISO taken from left pelvic fin. No ultrasound performed as device is in maintenance. Parts of tail missing, only very short barb. Caught in SL lagoon."
"384","989001026313469",2019-10-04,"N","f","mature",NA,101,21,15.3,0,"25.73598",-79.24565,"BFH","Dipnet",NA,"DNA and ISO taken from left pelvic. Tail missing. BFH ray."
"385","989001026313472",2019-09-20,"N","f","mature",NA,89,NA,14,195.8447981,"25.72849",-79.24507,"BFH","Polyball",NA,"DNA and ISO taken from left pelvic. Caught during shark fishing activities at BFH CH using a handline/polyball fishing technique."
"386","989001026313473",2019-09-15,"N","f","mature",NA,79.5,19.92,13.5,0,"25.71651",-79.29296,"LGN","Dipnet",NA,"DNA and ISO taken from left pelvic. First capture effort in Radio Channel."
"387","989001026313480",2019-07-20,"N","f","immature",NA,69.5,11.32,12.5,48.90652864,"25.74710",-79.26389,"LGN","Dipnet",NA,"DNA and ISO taken from left pelvic fin. No ultrasound as device is in maintenance. Caught in NS Lagoon."
"388","989001026313486",2019-05-09,"N","f","mature",NA,88,21,13,11.29692649,"25.73161",-79.24706,"BFH","Dipnet",NA,"Location: BFH. DNA and ISO taken from left pelvic fin."
"389","989001026313488",2019-09-24,"N","f","immature",NA,54.2,NA,8.3,7.765303064,"25.69945",-79.29527,"SB","Dipnet",NA,"DNA and ISO taken from left pelvic. SB ray."
"390","989001026313493",2019-07-01,"N","f","mature",NA,80.2,10.2,12.1,34.86003946,"25.6926",-79.3023,"SB","Dipnet",NA,"Old PIT tag scar, obvious fin clips taken, but PIT tag not detectable, new tag inserted. Significant scarring left dorsal side of pectoral fin, parts of left pelvic fin missing. DNA and ISO taken from left pelvic fin."
"391","989001026313493",2020-02-04,"Y","f","mature",NA,NA,NA,NA,0,"25.69359",-79.30304,"SB","Dipnet",NA,"Recent re-cap. Released in field without workup."
"392","989001026313493",2020-03-05,"Y","f","mature",NA,NA,NA,NA,171.0532031,"25.76745",-79.26435,"LGN","Dipnet",NA,"Released in field without work-up due to recent recapture. SB ray."
"393","989001026313495",2019-09-15,"N","f","mature",NA,76.5,14.8,12,34.17262851,"25.71697",-79.29233,"LGN","Dipnet",NA,"DNA and ISO taken from left pelvic. First capture effort in Radio Channel."
"394","989001026313498",2018-10-28,"N","f","mature",NA,85.2,NA,12.5,6.371224627,"25.69877",-79.29256,"SB","Dipnet",NA,NA
"395","989001026313498",2019-02-15,"Y","f","mature",NA,NA,NA,NA,7.726562688,"25.69748",-79.28954,"SB","Dipnet",NA,"Released on the 2019-02-19 without performing work-up due to sound trials by visiting scientists Mickle M."
"396","989001026313501",2018-07-10,"N","f","immature",NA,48,NA,8,5.568058848,"25.69511",-79.30315,"SB","Dipnet",NA,NA
"397","989001026313503",2019-08-21,"N","m","mature","y",48.2,3.49,7.5,2.937093188,"25.69891",-79.29676,"SB","Dipnet",NA,"DNA and ISO taken from left pelvic fin. Two barbs: shorter BL: 6.0 cm."
"398","989001026313510",2019-07-09,"N","f","mature",NA,89,20.7,14,0,"25.73245",-79.24672,"BFH","Dipnet",NA,"DNA and ISO taken from left pelvic fin."
"399","989001026313512",2019-07-22,"N","f","mature",NA,96,22.7,14.5,27.35871891,"25.72724",-79.26976,"LGN","Dipnet",NA,"DNA and ISO taken from left pelvic fin. No ultrasound performed as device in maintenance. No tail, barb missing. Caught in SL lagoon."
"400","989001026313514",2019-08-21,"N","f","immature",NA,46.3,NA,7.6,0,"25.69898",-79.29673,"SB","Dipnet",NA,"DNA and ISO taken from left pelvic fin. Fresh scaring in front of eyes. Large predation scar on ventral left wing. Location: SB."
"401","989001026313517",2018-08-04,"N","f","mature",NA,71.5,NA,11,15.3639826,"25.69887",-79.29347,"SB","Dipnet",NA,"Ultrasound performed on the 2018-08-05. This ray was trialed in soundtrials by visiting scientist M. Mickle on the 2018-08-04."
"402","989001026313524",2018-11-03,"N","f","mature",NA,93.1,NA,14.1,15.16856873,"25.69695",-79.28774,"SB","Dipnet",NA,"DNA and ISO taken from left pelvic. Pregnant."
"403","989001026313525",2019-05-09,"N","f","mature",NA,90.3,21.6,14.2,2.523841811,"25.73240",-79.24831,"BFH","Dipnet",NA,"Location: BFH. DNA and ISO taken from left pelvic fin. Two pinkish markings ventral side beneath gill slits."
"404","989001026313529",2018-12-01,"N","f","mature",NA,92,NA,15.2,801.754536,"25.69513",-79.31336,"SB","Dipnet",NA,"DNA and ISO taken from left pelvic fin. Tip of barb broken off. Pregnant."
"405","989001026313531",2019-10-04,"N","f","mature",NA,95.5,24.2,15.1,0,"25.73598",-79.24565,"BFH","Dipnet",NA,"DNA and ISO taken from left pelvic. Tail missing. BFH ray."
"406","989001026313532",2019-09-15,"N","f","mature",NA,88,25.4,15,34.17262851,"25.71697",-79.29233,"LGN","Dipnet",NA,"DNA and ISO taken from left pelvic. Book says recap, R data base states it as new cap. First capture effort in Radio Channel."
"407","989001026313537",2018-11-26,"N","f","immature",NA,66.8,NA,10,5.659197496,"25.69772",-79.2905,"SB","Dipnet",NA,"DNA and ISO taken from left pelvic fin. This ray had two barbs. The barb that was on top was longer at 8.2 cm. Beneath, further towards the posterior end of the tail was a shorter barb at 6.0 cm."
"408","989001026313537",2018-12-01,"Y","f","immature",NA,NA,NA,NA,2.280562058,"25.69843",-79.29181,"SB","Dipnet",NA,"Released in the field. Last capture less than 14 days prior to this capture therefore released in the field."
"409","989001026313537",2019-09-24,"Y","f","immature",NA,69.5,8,11,0,"25.69852",-79.29202,"SB","Dipnet",NA,"DNA and ISO taken from left pelvic. SB ray."
"410","989001026313538",2019-07-20,"N","f","mature",NA,82,19.3,14.2,6.751154759,"25.70004",-79.2969,"SB","Dipnet",NA,"DNA and ISO taken from left pelvic fin. No ultrasound as device in maintenance. Caught in NS Lagoon."
"411","989001030278213",2019-09-19,"N","f","mature",NA,85.5,22.4,13.2,0.7443080932,"25.73208",-79.24843,"BFH","Dipnet",NA,"DNA and ISO taken from left pelvic fin. BFH ray."
"412","989001030278216",2019-11-01,"N","f","mature",NA,85.7,20.41,12.4,0,"25.72549",-79.28515,"LGN","Dipnet",NA,"DNA and ISO taken from left pelvic. SL (PIG) ray."
"413","989001030278219",2019-11-12,"N","f","immature",NA,63.5,7.75,9.2,18.53730394,"25.69358",-79.30283,"SB","Dipnet",NA,"DNA and ISO taken from left pelvic. 2nd small barb - less than 1 cm. SB ray."
"414","989001030278227",2019-10-13,"N","f","mature",NA,89.5,NA,13.1,8.538095039,"25.6999",-79.2943,"SB","Dipnet",NA,"DNA and ISO taken from left pelvic. SB ray."
"415","989001030278227",2020-02-04,"Y","f","mature",NA,86.7,18,13.4,4.320049247,"25.69773",-79.29046,"SB","Dipnet",NA,"DNA and ISO taken from LP. Used in sound trials of VS Mickle. SB ray."
"416","989001030278233",2019-11-01,"N","f","mature",NA,91.7,26.6,15.5,0,"25.72549",-79.28515,"LGN","Dipnet",NA,"DNA and ISO taken from left pelvic. Tail partly missing, very short barb. SL (PIG) ray."
"417","989001030278237",2019-11-01,"N","f","mature",NA,78.5,13.62,11.5,10.41233387,"25.73001",-79.28164,"LGN","Dipnet",NA,"DNA and ISO taken from left pelvic. SL (PIG) ray."
"418","989001030278253",2020-10-15,"N","f","immature",NA,42.9,NA,6.8,10.50968988,"25.69818",-79.29935,"SB","Dipnet",NA,"DNA and ISO taken from LP. Bite marks and scarring right pectoral fin. SB ray."
"419","989001030278261",2019-10-04,"N","f","mature",NA,83,20.5,13.5,0,"25.73598",-79.24565,"BFH","Dipnet",NA,"DNA and ISO taken from left pelvic. BFH ray."
"420","989001030278265",2019-11-27,"N","f","mature",NA,84.8,17.34,13.4,0,"25.73232",-79.24681,"BFH","Dipnet",NA,"DNA and ISO taken from left pelvic. BFH ray."
"421","989001030278271",2019-11-01,"N","f","mature",NA,78.4,14.35,11.4,15.49764967,"25.72679",-79.28073,"LGN","Dipnet",NA,"DNA and ISO taken from left pelvic. SL (PIG) ray."
"422","989001030278281",2020-01-21,"N","f","mature",NA,101,32,16,19.37028179,"25.69832",-79.29887,"SB","Dipnet",NA,"DNA and ISO from LP. SB ray. End of tail missing."
"423","989001030278285",2020-02-25,"N","f","mature",NA,71.1,17.75,12.6,56.72019788,"25.72685",-79.28566,"LGN","Dipnet",NA,"DNA and ISO taken from LP. Double barb - fused. SL ray at PIG."
"424","989001030278288",2019-09-19,"N","f","mature",NA,89.2,23.9,14.7,6.947738423,"25.73168",-79.24846,"BFH","Dipnet",NA,"DNA and ISO taken from left pelvic. Tail broken. BFH ray."
"425","989001030278289",2020-01-31,"N","f","mature",NA,74.9,16.5,11.1,5.619510579,"25.73194",-79.24696,"BFH","Dipnet",NA,"DNA and ISO taken from LP. BFH ray."
"426","989001030278291",2019-11-01,"N","f","mature",NA,88.5,17.23,14,6.127288894,"25.72655",-79.28101,"LGN","Dipnet",NA,"DNA and ISO taken from left pelvic. SL (PIG) ray."
"427","989001030278298",2019-10-13,"N","m","mature","y",45,1.6,7,37.14740109,"25.69717",-79.28945,"SB","Dipnet",NA,"DNA and ISO taken from left pelvic. SB ray."
"428","989001030278304",2019-11-01,"N","f","mature",NA,72.5,10.32,11.5,0,"25.72549",-79.28515,"LGN","Dipnet",NA,"DNA and ISO taken from left pelvic. SL (PIG) ray."
"429","989001030278310",2019-11-12,"N","f","immature",NA,52,4.75,8,4.657704293,"25.69989",-79.29449,"SB","Dipnet",NA,"DNA and ISO taken from left pelvic. SB ray."
"430","989001030278310",2020-02-15,"Y","f","immature",NA,54.3,NA,8,0,"25.69972",-79.29692,"SB","Dipnet",NA,"DNA and ISO taken from LP. SB ray."
"431","989001030278336",2020-02-18,"N","f","immature",NA,66.5,12.2,10.6,6.616321576,"25.69957",-79.29486,"SB","Dipnet",NA,"DNA and ISO taken from LP. Used in soundtrials of VS Mickle. SB ray."
"432","989001030278336",2020-03-07,"Y","f",NA,NA,NA,NA,NA,NA,NA,NA,NA,"Dipnet",NA,"Released in field without workup due to recent recapture."
"433","989001030278336",2020-11-25,"Y","f","mature",NA,84.5,16,12.5,0,"25.69973",-79.29689,"SB","Seine Net/Chasedown",NA,"ISO taken from LP. Blood for Natalie M. Sonotronics tag: 3-4-8. Sb ray."
"434","989001030278348",2020-01-31,"N","f","mature",NA,85.2,22.7,13.2,14.19474207,"25.73211",-79.24701,"BFH","Dipnet",NA,"DNA and ISO from LP. BFH ray."
"435","989001030278352",2020-02-19,"N","m","mature","y",55.2,7,8.3,9.233459702,"25.699112",-79.296517,"SB","Dipnet",NA,"DNA and ISO taken from LP. Used in soundtrials of VS Mickle. Parts of barb missing. SB ray."
"436","989001030278359",2020-02-25,"N","f","mature",NA,85.6,27.75,15.4,56.72019788,"25.72685",-79.28566,"LGN","Dipnet",NA,"DNA and ISO taken from LP. No tail, no barb, no TL. SL ray at PIG."
"437","989001030278377",2020-01-31,"N","f","mature",NA,78.3,18.5,11.6,0,"25.69972",-79.29694,"SB","Dipnet",NA,"DNA and ISO taken from LP. BFH ray."
"438","989001030278380",2020-02-02,"N","f","mature",NA,75.4,20,13.6,15.53273197,"25.69468",-79.30313,"SB","Dipnet",NA,"DNA and ISO taken from LP. Sounds trials by VS Mickle. SB ray."
"439","989001030278392",2020-03-05,"N","f","mature",NA,74,15.8,13,8.912274639,"25.69864",-79.29235,"SB","Dipnet",NA,"DNA and ISO taken from LP. SB ray."
"440","989001030278398",2020-02-25,"N","f","immature",NA,65,10.15,10.1,24.23173559,"25.72685",-79.28529,"LGN","Dipnet",NA,"DNA and ISO taken from LP. Huffmanella parasites ventrally. SL ray at PIG."
"441","989001030278405",2020-02-09,"N","f","mature",NA,81.8,22.8,14.6,16.48756326,"25.69796",-79.29117,"SB","Dipnet",NA,"DNA and ISO taken from LP. Used in sound trials of VS Mickle. No tail, no true TL. Pregnant. SB ray."
"442","989001030278406",2020-02-24,"N","f","mature",NA,73.5,14.5,12,81.58149875,"25.69812",-79.29705,"SB","Dipnet",NA,"DNA and ISO taken from LP. Used in soundtrials of visiting scientist. SB ray."
"443","989001030278410",2020-01-31,"N","f","mature",NA,89,25.5,15.2,3.868638878,"25.73225",-79.24687,"BFH","Dipnet",NA,"DNA and ISO from LP. BFH ray."
"444","989001030278412",2019-10-04,"N","f","mature",NA,90.4,20,13.9,0,"25.73590",-79.2457,"BFH","Dipnet",NA,"DNA and ISO taken from left pelvic. BFH ray."
"445","989001030278413",2019-09-19,"N","f","mature",NA,83.9,16.37,13.6,0.8307056481,"25.73192",-79.24843,"BFH","Dipnet",NA,"DNA and ISO taken from left pelvic. BFH ray."
"446","989001030278420",2019-10-05,"N","f","immature",NA,68.3,11.1,10.5,1.793502553,"25.72839",-79.2804,"LGN","Dipnet",NA,"DNA and ISO taken from left pelvic. SL (PIG) ray."
"447","989001030278429",2019-11-01,"N","f","mature",NA,90.5,20.55,13.2,359.4786955,"25.72225",-79.28674,"LGN","Dipnet",NA,"DNA and ISO taken from left pelvic. SL (PIG) ray."
"448","989001030278434",2019-11-01,"N","m","mature","y",51.9,4.45,7.9,45.02185142,"25.72546",-79.28244,"LGN","Dipnet",NA,"DNA and ISO taken from left pelvic. SL (PIG) ray."
"449","989001030278435",2019-11-27,"N","f","mature",NA,89,21,14,94.2810757,"25.73462",-79.24826,"BFH","Dipnet",NA,"DNA and ISO taken from left pelvic. Part of tail missing. BFH ray."
"450","989001030278436",2019-09-19,"N","f","mature",NA,70.8,14.17,11.6,2.711913334,"25.73154",-79.24823,"BFH","Dipnet",NA,"DNA and ISO taken from left pelvic. BFH ray."
"451","989001030278440",2019-10-04,"N","f","mature",NA,91.5,NA,15.9,0,"25.73598",-79.24565,"BFH","Dipnet",NA,"DNA and ISO taken from left pelvic. BFH ray."
"452","989001030278446",2019-11-12,"N","m","mature","y",53,5,8.2,0,"25.69701",-79.26671,"SB","Dipnet",NA,"DNA and ISO taken from left pelvic. SB ray."
"453","989001030278456",2019-10-05,"N","f","mature",NA,80.3,21.75,14.1,303.3328817,"25.72482",-79.28814,"LGN","Dipnet",NA,"DNA and ISO taken from left pelvic. SL ray."
"454","989001030278477",2019-10-21,"N","f","immature",NA,45,4.1,7.4,74.99005166,"25.69828",-79.29657,"SB","Dipnet",NA,"DNA and ISO taken from left pelvic. SB ray."
"455","989001030278484",2020-02-02,"N","f","immature",NA,39,1.96,7.5,7.611092729,"25.69830",-79.29162,"SB","Dipnet",NA,"DNA and ISO from LP. SB ray. Blood for collaboration only."
"456","989001030278485",2019-10-04,"N","f","mature",NA,70.4,14.75,12,0,"25.73598",-79.24565,"BFH","Dipnet",NA,"DNA and ISO taken from left pelvic. BFH ray."
"457","989001030278486",2020-02-25,"N","f","immature",NA,44.4,NA,7.5,23.53275486,"25.72726",-79.28489,"LGN","Dipnet",NA,"DNA and ISO from LP. Huffmanella sp. present ventral side. SL ray at PIG."
"458","989001030278490",2019-10-05,"N","f","mature",NA,78,16,11.5,3.782304532,"25.73430",-79.27096,"LGN","Dipnet",NA,"DNA and ISO taken from left pelvic. SL ray."
"459","989001030278495",2019-09-19,"N","f","mature",NA,75.2,7.89,13.3,21.55655918,"25.73192",-79.24864,"BFH","Dipnet",NA,"DNA and ISO taken from left pelvic. BFH ray."
"460","989001030278506",2020-02-02,"N","f","immature",NA,64.1,9.9,10.2,11.13112334,"25.69871",-79.29254,"SB","Dipnet",NA,"DNA and ISO from LP. SB ray. Blood for collaboration only."
"461","989001030278533",2019-10-05,"N","f","mature",NA,73,16.2,11.7,67.23722698,"25.74305",-79.26772,"LGN","Dipnet",NA,"DNA and ISO taken from left pelvic. Tail missing. SL ray."
"462","989001030278545",2019-11-25,"N","f","mature",NA,99.5,25.21,15,21.43540066,"25.73237",-79.24728,"BFH","Dipnet",NA,"DNA and ISO taken from left pelvic. BFH ray. Missing part of tail. Potentially pregnant."
"463","989001030278548",2019-09-19,"N","f","mature",NA,78,12.6,12,100.4542708,"25.73406",-79.24887,"BFH","Dipnet",NA,"DNA and ISO taken from left pelvic. BFH ray."
"464","989001030278549",2019-11-01,"N","f","mature",NA,73.2,12.97,11.3,15.31383066,"25.72625",-79.28123,"LGN","Dipnet",NA,"DNA and ISO taken from left pelvic. SL (PIG) ray."
"465","989001030278551",2019-11-25,"N","f","mature",NA,86.1,23.34,14.5,19.95289185,"25.73175",-79.24765,"BFH","Dipnet",NA,"DNA and ISO taken from left pelvic. BFH ray. Tail completely missing. Bite taken out of left pectoral. Bite scars right pectoral."
"466","989001030278562",2019-11-27,"N","f","mature",NA,97.9,29.87,14,6.287433343,"25.73189",-79.2477,"BFH","Dipnet",NA,"DNA and ISO taken from left pelvic. BFH ray. Big black pigmentation spot dorsal left centre of 10 cm diameter - see picture Vital H."
"467","989001030278567",2019-11-12,"N","f","mature",NA,71,11.47,11.4,7.732235304,"25.69955",-79.29492,"SB","Dipnet",NA,"DNA and ISO taken from left pelvic. SB ray."
"468","989001030278567",2020-11-25,"Y","f","mature",NA,76.5,14.7,11.6,119.6175932,"25.69745",-79.29234,"SB","Seine Net/Chasedown",NA,"ISO taken from LP. Sonotronics tag: 5-6-6-8. Blood for Natalie M. SB ray."
"469","989001030278568",2019-09-19,"N","f","mature",NA,87,21.73,14.4,18.53901912,"25.73129",-79.24706,"BFH","Dipnet",NA,"DNA and ISO taken from left pelvic fin. BFH ray."
"470","989001030278583",2020-02-13,"N","m","mature","y",56,NA,11.1,235.6265739,"25.740333",-79.272057,"LGN","Polyball",NA,"DNA and ISO taken from LP. Lagoon SL ray."
"471","989001030278599",2019-11-25,"N","f","mature",NA,92.7,24.28,15.2,104.4353019,"25.73411",-79.23946,"BFH","Dipnet",NA,"DNA and ISO taken from left pelvic. BFH CHF ray. 30 minute chase down."
"472","989001030278610",2019-10-21,"N","f","immature",NA,64,8.75,10.8,68.64478819,"25.69840",-79.29639,"SB","Dipnet",NA,"DNA and ISO taken from left pelvic. Two barbs, shorter BL: 7.2 cm. SB ray."
"473","989001030278610",2020-02-24,"Y","f","immature",NA,61,8.3,10.1,11.1346137,"25.69676",-79.30187,"SB","Dipnet",NA,"DNA and ISO taken from LP. Used in soundtrials of visiting scientist. SB ray."
"474","989001030278610",2020-03-05,"Y","f","immature",NA,NA,NA,NA,6.138955942,"25.69794",-79.29995,"SB","Dipnet",NA,"Released in field without workup due to recent recapture. SB ray."
"475","989001031452719",2020-10-05,"N","f","immature",NA,63.3,9,10.5,4.087190722,"25.69848",-79.29881,"SB","Dipnet",NA,"DNA and ISO taken from LP. Blood for Collaborator N. Mylniczenko. Abnormal growth pelvic fins. SB ray."
"476","989001031452784",2020-10-08,"N","f","mature",NA,70,12.1,10.1,2.35089365,"25.69204",-79.30418,"SB","Dipnet",NA,"DNA and ISO taken from LP. Blood for collaborator N. Mylniczenko. Barb partly broken. SB rays."
"477","989001031452790",2020-10-15,"N","f","immature",NA,47.6,3.2,7.5,26.78119129,"25.69356",-79.30275,"SB","Dipnet",NA,"DNA and ISO taken from LP. Blood for collaboration with N. Mylniczenko. SB ray."
"478","989001031452797",2020-10-08,"N","f","immature",NA,48.5,NA,7.4,3.38508729,"25.69800",-79.29978,"SB","Dipnet",NA,"DNA and ISO taken from LP. SB ray."
"479","989001031452797",2020-11-06,"Y","f","immature",NA,NA,NA,NA,0,"25.69444",-79.3038,"SB","Dipnet",NA,"Released without workup right after capture, due to too recent recapture."
"480","989001031452797",2020-11-10,"Y","f","immature",NA,NA,NA,NA,107.9558353,"25.69576",-79.27701,"SB","Dipnet",NA,"Released without workup due to too recent recapture."
"481","989001031452881",2020-11-17,"N","f","immature",NA,54.2,4.45,8.5,0,"25.69697",-79.30182,"SB","Dipnet",NA,"DNA and ISO from LP. SB ray."
"482","989001031452888",2020-12-05,"N","f","mature",NA,74.4,NA,11,NA,NA,NA,"SB","Dipnet",NA,"DNA and ISO taken from LP. SB ray."
"483","989001031452891",2020-11-25,"N","f","mature",NA,78.5,13.7,12.5,93.15481304,"25.69642",-79.28848,"SB","Seine Net/Chasedown",NA,"DNA and ISO taken from LP. Sonotronics tag: 6-7-8-8. Blood for Natalie M. SB ray."
